Info,Version=1.0.0,Template=fx_category_template_EBAY_US,,,,,,,,,,,,,,,,,,,,,,,,,,,,,,,,,,,,,,,,,,,,,,,,,,,,,,,,,,,,,,,,,,,,,,,,,,,,,,,,,
*Action(SiteID=US|Country=US|Currency=USD|Version=1193|CC=UTF-8),CustomLabel,*Category,StoreCategory,*Title,Subtitle,Relationship,*ConditionID,*C:Graded,*C:Sport,*C:Player/Athlete,*C:Parallel/Variety,*C:Manufacturer,C:Season,*C:Features,*C:Set,CD:Grade - (ID: 27502),*C:League,CD:Professional Grader - (ID: 27501),*C:Team,*C:Autographed,CD:Card Condition - (ID: 40001),*C:Card Name,*C:Card Number,CDA:Certification Number - (ID: 27503),*C:Type,C:Signed By,C:Autograph Authentication,C:Year Manufactured,C:Card Size,C:Country/Region of Manufacturer,C:Material,C:Autograph Format,C:Vintage,C:Original/Licensed Reprint,C:Event/Tournament,C:Language,C:Autograph Authentication Number,C:Bundle Description,C:California Prop 65 Warning,C:Card Thickness,C:Custom Bundle,C:Insert Set,C:Print Run,PicURL,GalleryType,*Description,*Format,*Duration,*StartPrice,BuyItNowPrice,*Quantity,PayPalAccepted,PayPalEmailAddress,ImmediatePayRequired,PaymentInstructions,*Location,PostalCode,ShippingType,ShippingService-1:Option,ShippingService-1:FreeShipping,ShippingService-1:Cost,ShippingService-1:AdditionalCost,ShippingService-2:Option,ShippingService-2:Cost,*DispatchTimeMax,PromotionalShippingDiscount,ShippingDiscountProfileID,*ReturnsAcceptedOption,ReturnsWithinOption,RefundOption,ShippingCostPaidByOption,AdditionalDetails,ShippingProfileName,ReturnProfileName,PaymentProfileName,TakeBackPolicyID,ProductCompliancePolicyID,ScheduleTime,BestOfferEnabled,MinimumBestOfferPrice,BestOfferAutoAcceptPrice,*C:Rookie,*C:Memorabilia
Add,111325-NBA-E,261328,4626250016,Shareef Abdur-Rahim 1996-97 Collector's Choice Mini-Cards Panels #M144/M105/M175,,,4000,No,BASKETBALL,Khalid Reeves / Chris Mills / Shareef Abdur-Rahim,Mini-Cards Panels,Upper Deck,1996,,1996-97 Collector's Choice,,NBA,,,No,Near mint or better - (ID: 400010),,M144/M105/M175,,Sports Trading Card,,,1996,,,,,,,,,,,,,,Mini-Cards Panels,,https://storage.googleapis.com/cdp-batches-prod/20327-731994/37262920-front.jpg | https://storage.googleapis.com/cdp-batches-prod/20327-731994/37262920-back.jpg,,"<div class=""ql-editor""><p><strong></strong></p><p><br></p><p><strong>Khalid Reeves / Chris Mills / Shareef Abdur-Rahim 1996-97 Collector's Choice Mini-Cards Panels #M144/M105/M175 Card</strong></p><p><br></p><p>Photos show the exact card you will receive unless this is a quantity listing. If multiple copies are available, the photos show the worst-conditioned card so you know exactly what to expect.<strong><span class=""ql-cursor"">﻿</span></strong></p><p><br></p><p><strong>ABOUT US:</strong></p><p>Monterey Sports Cards is a father-and-son shop. My 10-year-old and I sort, scan, and list cards together in the same condition we’d want to receive ourselves. We also enjoy creating hobby-related content in our free time. Very worn cards go into bulk lots or personal stash, except for pre-1980 cards which are listed regardless of wear.</p><p><br></p><p><strong>PACKAGING:</strong></p><p>All cards ship in penny sleeves and Top Loaders or Card Savers, sealed in a Team Bag for protection. If you prefer a specific holder type, just leave a note at checkout.</p><p><br></p><p><strong>SAVE WHEN YOU BUILD A CART:</strong></p><p>• Add 6+ cards under $2.99 → Get 40% OFF&nbsp;&nbsp;</p><p>• Add 5+ cards priced $3.00–$9.99 → Get 20% OFF&nbsp;&nbsp;</p><p><em>Discounts apply automatically at checkout — no code needed.</em></p><p><br></p></div>",FixedPrice,GTC,1.85,0,3,1,,1,,"Corona,California",92882,Flat,US_eBayStandardEnvelope,1,,,,,1,,,ReturnsAccepted,Days_30,MoneyBackOrReplacement,Seller,,,,,,,2025-11-20T09:00:00,1,,,No,No
Add,111325-NBA-E,261328,4626250016,Vince Carter 1999-00 Metal #1 Toronto Raptors,,,4000,No,BASKETBALL,Vince Carter,,Fleer,1999,,1999-00 Metal,,NBA,,Toronto Raptors,No,Near mint or better - (ID: 400010),,1,,Sports Trading Card,,,1999,,,,,,,,,,,,,,,,https://storage.googleapis.com/cdp-batches-prod/20327-731994/37262922-front.jpg | https://storage.googleapis.com/cdp-batches-prod/20327-731994/37262922-back.jpg,,"<div class=""ql-editor""><p><strong></strong></p><p><br></p><p><strong>Vince Carter 1999-00 Metal #1 Toronto Raptors Card</strong></p><p><br></p><p>Photos show the exact card you will receive unless this is a quantity listing. If multiple copies are available, the photos show the worst-conditioned card so you know exactly what to expect.<strong><span class=""ql-cursor"">﻿</span></strong></p><p><br></p><p><strong>ABOUT US:</strong></p><p>Monterey Sports Cards is a father-and-son shop. My 10-year-old and I sort, scan, and list cards together in the same condition we’d want to receive ourselves. We also enjoy creating hobby-related content in our free time. Very worn cards go into bulk lots or personal stash, except for pre-1980 cards which are listed regardless of wear.</p><p><br></p><p><strong>PACKAGING:</strong></p><p>All cards ship in penny sleeves and Top Loaders or Card Savers, sealed in a Team Bag for protection. If you prefer a specific holder type, just leave a note at checkout.</p><p><br></p><p><strong>SAVE WHEN YOU BUILD A CART:</strong></p><p>• Add 6+ cards under $2.99 → Get 40% OFF&nbsp;&nbsp;</p><p>• Add 5+ cards priced $3.00–$9.99 → Get 20% OFF&nbsp;&nbsp;</p><p><em>Discounts apply automatically at checkout — no code needed.</em></p><p><br></p></div>",FixedPrice,GTC,2.35,0,1,1,,1,,"Corona,California",92882,Flat,US_eBayStandardEnvelope,1,,,,,1,,,ReturnsAccepted,Days_30,MoneyBackOrReplacement,Seller,,,,,,,2025-11-20T09:00:00,1,,,No,No
Add,111325-NBA-E,261328,4626250016,Vince Carter 2002-03 SPx #82 Toronto Raptors,,,4000,No,BASKETBALL,Vince Carter,,Upper Deck,2002,,2002-03 SPx,,NBA,,Toronto Raptors,No,Near mint or better - (ID: 400010),,82,,Sports Trading Card,,,2002,,,,,,,,,,,,,,,,https://storage.googleapis.com/cdp-batches-prod/20327-731994/37262925-front.jpg | https://storage.googleapis.com/cdp-batches-prod/20327-731994/37262925-back.jpg,,"<div class=""ql-editor""><p><strong></strong></p><p><br></p><p><strong>Vince Carter 2002-03 SPx #82 Toronto Raptors Card</strong></p><p><br></p><p>Photos show the exact card you will receive unless this is a quantity listing. If multiple copies are available, the photos show the worst-conditioned card so you know exactly what to expect.<strong><span class=""ql-cursor"">﻿</span></strong></p><p><br></p><p><strong>ABOUT US:</strong></p><p>Monterey Sports Cards is a father-and-son shop. My 10-year-old and I sort, scan, and list cards together in the same condition we’d want to receive ourselves. We also enjoy creating hobby-related content in our free time. Very worn cards go into bulk lots or personal stash, except for pre-1980 cards which are listed regardless of wear.</p><p><br></p><p><strong>PACKAGING:</strong></p><p>All cards ship in penny sleeves and Top Loaders or Card Savers, sealed in a Team Bag for protection. If you prefer a specific holder type, just leave a note at checkout.</p><p><br></p><p><strong>SAVE WHEN YOU BUILD A CART:</strong></p><p>• Add 6+ cards under $2.99 → Get 40% OFF&nbsp;&nbsp;</p><p>• Add 5+ cards priced $3.00–$9.99 → Get 20% OFF&nbsp;&nbsp;</p><p><em>Discounts apply automatically at checkout — no code needed.</em></p><p><br></p></div>",FixedPrice,GTC,2.15,0,1,1,,1,,"Corona,California",92882,Flat,US_eBayStandardEnvelope,1,,,,,1,,,ReturnsAccepted,Days_30,MoneyBackOrReplacement,Seller,,,,,,,2025-11-20T09:00:00,1,,,No,No
Add,111325-NBA-E,261328,4626250016,DeMar DeRozan 2014-15 Panini Prestige Franchise Favorites #28 Toronto Raptors,,,4000,No,BASKETBALL,DeMar DeRozan,Franchise Favorites,Panini,2014,,2014-15 Panini Prestige,,NBA,,Toronto Raptors,No,Near mint or better - (ID: 400010),,28,,Sports Trading Card,,,2014,,,,,,,,,,,,,,Franchise Favorites,,https://storage.googleapis.com/cdp-batches-prod/20327-731994/37262926-front.jpg | https://storage.googleapis.com/cdp-batches-prod/20327-731994/37262926-back.jpg,,"<div class=""ql-editor""><p><strong></strong></p><p><br></p><p><strong>DeMar DeRozan 2014-15 Panini Prestige Franchise Favorites #28 Toronto Raptors Card</strong></p><p><br></p><p>Photos show the exact card you will receive unless this is a quantity listing. If multiple copies are available, the photos show the worst-conditioned card so you know exactly what to expect.<strong><span class=""ql-cursor"">﻿</span></strong></p><p><br></p><p><strong>ABOUT US:</strong></p><p>Monterey Sports Cards is a father-and-son shop. My 10-year-old and I sort, scan, and list cards together in the same condition we’d want to receive ourselves. We also enjoy creating hobby-related content in our free time. Very worn cards go into bulk lots or personal stash, except for pre-1980 cards which are listed regardless of wear.</p><p><br></p><p><strong>PACKAGING:</strong></p><p>All cards ship in penny sleeves and Top Loaders or Card Savers, sealed in a Team Bag for protection. If you prefer a specific holder type, just leave a note at checkout.</p><p><br></p><p><strong>SAVE WHEN YOU BUILD A CART:</strong></p><p>• Add 6+ cards under $2.99 → Get 40% OFF&nbsp;&nbsp;</p><p>• Add 5+ cards priced $3.00–$9.99 → Get 20% OFF&nbsp;&nbsp;</p><p><em>Discounts apply automatically at checkout — no code needed.</em></p><p><br></p></div>",FixedPrice,GTC,2.15,0,1,1,,1,,"Corona,California",92882,Flat,US_eBayStandardEnvelope,1,,,,,1,,,ReturnsAccepted,Days_30,MoneyBackOrReplacement,Seller,,,,,,,2025-11-20T09:00:00,1,,,No,No
Add,111325-NBA-E,261328,4626250016,Kyle Lowry 2014-15 Panini Prestige Plus Playmakers #21 Toronto Raptors,,,4000,No,BASKETBALL,Kyle Lowry,Playmakers,Panini,2014,,2014-15 Panini Prestige Plus,,NBA,,Toronto Raptors,No,Near mint or better - (ID: 400010),,21,,Sports Trading Card,,,2014,,,,,,,,,,,,,,Playmakers,,https://storage.googleapis.com/cdp-batches-prod/20327-731994/37262929-front.jpg | https://storage.googleapis.com/cdp-batches-prod/20327-731994/37262929-back.jpg,,"<div class=""ql-editor""><p><strong></strong></p><p><br></p><p><strong>Kyle Lowry 2014-15 Panini Prestige Plus Playmakers #21 Toronto Raptors Card</strong></p><p><br></p><p>Photos show the exact card you will receive unless this is a quantity listing. If multiple copies are available, the photos show the worst-conditioned card so you know exactly what to expect.<strong><span class=""ql-cursor"">﻿</span></strong></p><p><br></p><p><strong>ABOUT US:</strong></p><p>Monterey Sports Cards is a father-and-son shop. My 10-year-old and I sort, scan, and list cards together in the same condition we’d want to receive ourselves. We also enjoy creating hobby-related content in our free time. Very worn cards go into bulk lots or personal stash, except for pre-1980 cards which are listed regardless of wear.</p><p><br></p><p><strong>PACKAGING:</strong></p><p>All cards ship in penny sleeves and Top Loaders or Card Savers, sealed in a Team Bag for protection. If you prefer a specific holder type, just leave a note at checkout.</p><p><br></p><p><strong>SAVE WHEN YOU BUILD A CART:</strong></p><p>• Add 6+ cards under $2.99 → Get 40% OFF&nbsp;&nbsp;</p><p>• Add 5+ cards priced $3.00–$9.99 → Get 20% OFF&nbsp;&nbsp;</p><p><em>Discounts apply automatically at checkout — no code needed.</em></p><p><br></p></div>",FixedPrice,GTC,5.45,0,1,1,,1,,"Corona,California",92882,Flat,US_eBayStandardEnvelope,1,,,,,1,,,ReturnsAccepted,Days_30,MoneyBackOrReplacement,Seller,,,,,,,2025-11-20T09:00:00,1,,,No,No
Add,111325-NBA-E,261328,4626250016,Tracy McGrady 1998-99 Hoops #76 Toronto Raptors,,,4000,No,BASKETBALL,Tracy McGrady,,Hoops,1998,,1998-99 Hoops,,NBA,,Toronto Raptors,No,Near mint or better - (ID: 400010),,76,,Sports Trading Card,,,1998,,,,,,,,,,,,,,,,https://storage.googleapis.com/cdp-batches-prod/20327-731994/37262931-front.jpg | https://storage.googleapis.com/cdp-batches-prod/20327-731994/37262931-back.jpg,,"<div class=""ql-editor""><p><strong></strong></p><p><br></p><p><strong>Tracy McGrady 1998-99 Hoops #76 Toronto Raptors Card</strong></p><p><br></p><p>Photos show the exact card you will receive unless this is a quantity listing. If multiple copies are available, the photos show the worst-conditioned card so you know exactly what to expect.<strong><span class=""ql-cursor"">﻿</span></strong></p><p><br></p><p><strong>ABOUT US:</strong></p><p>Monterey Sports Cards is a father-and-son shop. My 10-year-old and I sort, scan, and list cards together in the same condition we’d want to receive ourselves. We also enjoy creating hobby-related content in our free time. Very worn cards go into bulk lots or personal stash, except for pre-1980 cards which are listed regardless of wear.</p><p><br></p><p><strong>PACKAGING:</strong></p><p>All cards ship in penny sleeves and Top Loaders or Card Savers, sealed in a Team Bag for protection. If you prefer a specific holder type, just leave a note at checkout.</p><p><br></p><p><strong>SAVE WHEN YOU BUILD A CART:</strong></p><p>• Add 6+ cards under $2.99 → Get 40% OFF&nbsp;&nbsp;</p><p>• Add 5+ cards priced $3.00–$9.99 → Get 20% OFF&nbsp;&nbsp;</p><p><em>Discounts apply automatically at checkout — no code needed.</em></p><p><br></p></div>",FixedPrice,GTC,1.65,0,4,1,,1,,"Corona,California",92882,Flat,US_eBayStandardEnvelope,1,,,,,1,,,ReturnsAccepted,Days_30,MoneyBackOrReplacement,Seller,,,,,,,2025-11-20T09:00:00,1,,,No,No
Add,111325-NBA-E,261328,4626250016,Doug Christie 1998-99 Fleer Tradition Plus Factor #147 Toronto Raptors,,,4000,No,BASKETBALL,Doug Christie,,Fleer,1998,,1998-99 Fleer Tradition,,NBA,,Toronto Raptors,No,Near mint or better - (ID: 400010),,147,,Sports Trading Card,,,1998,,,,,,,,,,,,,,,,https://storage.googleapis.com/cdp-batches-prod/20327-731994/37262933-front.jpg | https://storage.googleapis.com/cdp-batches-prod/20327-731994/37262933-back.jpg,,"<div class=""ql-editor""><p><strong></strong></p><p><br></p><p><strong>Doug Christie 1998-99 Fleer Tradition #147 Toronto Raptors Card</strong></p><p><br></p><p>Photos show the exact card you will receive unless this is a quantity listing. If multiple copies are available, the photos show the worst-conditioned card so you know exactly what to expect.<strong><span class=""ql-cursor"">﻿</span></strong></p><p><br></p><p><strong>ABOUT US:</strong></p><p>Monterey Sports Cards is a father-and-son shop. My 10-year-old and I sort, scan, and list cards together in the same condition we’d want to receive ourselves. We also enjoy creating hobby-related content in our free time. Very worn cards go into bulk lots or personal stash, except for pre-1980 cards which are listed regardless of wear.</p><p><br></p><p><strong>PACKAGING:</strong></p><p>All cards ship in penny sleeves and Top Loaders or Card Savers, sealed in a Team Bag for protection. If you prefer a specific holder type, just leave a note at checkout.</p><p><br></p><p><strong>SAVE WHEN YOU BUILD A CART:</strong></p><p>• Add 6+ cards under $2.99 → Get 40% OFF&nbsp;&nbsp;</p><p>• Add 5+ cards priced $3.00–$9.99 → Get 20% OFF&nbsp;&nbsp;</p><p><em>Discounts apply automatically at checkout — no code needed.</em></p><p><br></p></div>",FixedPrice,GTC,1.6,0,1,1,,1,,"Corona,California",92882,Flat,US_eBayStandardEnvelope,1,,,,,1,,,ReturnsAccepted,Days_30,MoneyBackOrReplacement,Seller,,,,,,,2025-11-20T09:00:00,1,,,No,No
Add,111325-NBA-E,261328,4626250016,Vince Carter 1999-00 Upper Deck Gold Reserve #206 Toronto Raptors,,,4000,No,BASKETBALL,Vince Carter,,Upper Deck,1999,,1999-00 Upper Deck Gold Reserve,,NBA,,Toronto Raptors,No,Near mint or better - (ID: 400010),,206,,Sports Trading Card,,,1999,,,,,,,,,,,,,,,,https://storage.googleapis.com/cdp-batches-prod/20327-731994/37262935-front.jpg | https://storage.googleapis.com/cdp-batches-prod/20327-731994/37262935-back.jpg,,"<div class=""ql-editor""><p><strong></strong></p><p><br></p><p><strong>Vince Carter 1999-00 Upper Deck Gold Reserve #206 Toronto Raptors Card</strong></p><p><br></p><p>Photos show the exact card you will receive unless this is a quantity listing. If multiple copies are available, the photos show the worst-conditioned card so you know exactly what to expect.<strong><span class=""ql-cursor"">﻿</span></strong></p><p><br></p><p><strong>ABOUT US:</strong></p><p>Monterey Sports Cards is a father-and-son shop. My 10-year-old and I sort, scan, and list cards together in the same condition we’d want to receive ourselves. We also enjoy creating hobby-related content in our free time. Very worn cards go into bulk lots or personal stash, except for pre-1980 cards which are listed regardless of wear.</p><p><br></p><p><strong>PACKAGING:</strong></p><p>All cards ship in penny sleeves and Top Loaders or Card Savers, sealed in a Team Bag for protection. If you prefer a specific holder type, just leave a note at checkout.</p><p><br></p><p><strong>SAVE WHEN YOU BUILD A CART:</strong></p><p>• Add 6+ cards under $2.99 → Get 40% OFF&nbsp;&nbsp;</p><p>• Add 5+ cards priced $3.00–$9.99 → Get 20% OFF&nbsp;&nbsp;</p><p><em>Discounts apply automatically at checkout — no code needed.</em></p><p><br></p></div>",FixedPrice,GTC,1.89,0,1,1,,1,,"Corona,California",92882,Flat,US_eBayStandardEnvelope,1,,,,,1,,,ReturnsAccepted,Days_30,MoneyBackOrReplacement,Seller,,,,,,,2025-11-20T09:00:00,1,,,No,No
Add,111325-NBA-E,261328,4626250016,Tracy McGrady 1999-00 Upper Deck Gold Reserve #211 Toronto Raptors,,,4000,No,BASKETBALL,Tracy McGrady,,Upper Deck,1999,,1999-00 Upper Deck Gold Reserve,,NBA,,Toronto Raptors,No,Near mint or better - (ID: 400010),,211,,Sports Trading Card,,,1999,,,,,,,,,,,,,,,,https://storage.googleapis.com/cdp-batches-prod/20327-731994/37262937-front.jpg | https://storage.googleapis.com/cdp-batches-prod/20327-731994/37262937-back.jpg,,"<div class=""ql-editor""><p><strong></strong></p><p><br></p><p><strong>Tracy McGrady 1999-00 Upper Deck Gold Reserve #211 Toronto Raptors Card</strong></p><p><br></p><p>Photos show the exact card you will receive unless this is a quantity listing. If multiple copies are available, the photos show the worst-conditioned card so you know exactly what to expect.<strong><span class=""ql-cursor"">﻿</span></strong></p><p><br></p><p><strong>ABOUT US:</strong></p><p>Monterey Sports Cards is a father-and-son shop. My 10-year-old and I sort, scan, and list cards together in the same condition we’d want to receive ourselves. We also enjoy creating hobby-related content in our free time. Very worn cards go into bulk lots or personal stash, except for pre-1980 cards which are listed regardless of wear.</p><p><br></p><p><strong>PACKAGING:</strong></p><p>All cards ship in penny sleeves and Top Loaders or Card Savers, sealed in a Team Bag for protection. If you prefer a specific holder type, just leave a note at checkout.</p><p><br></p><p><strong>SAVE WHEN YOU BUILD A CART:</strong></p><p>• Add 6+ cards under $2.99 → Get 40% OFF&nbsp;&nbsp;</p><p>• Add 5+ cards priced $3.00–$9.99 → Get 20% OFF&nbsp;&nbsp;</p><p><em>Discounts apply automatically at checkout — no code needed.</em></p><p><br></p></div>",FixedPrice,GTC,2.39,0,1,1,,1,,"Corona,California",92882,Flat,US_eBayStandardEnvelope,1,,,,,1,,,ReturnsAccepted,Days_30,MoneyBackOrReplacement,Seller,,,,,,,2025-11-20T09:00:00,1,,,No,No
Add,111325-NBA-E,261328,4626250016,Vince Carter 2000-01 Upper Deck Graphic Jam #G7 Toronto Raptors,,,4000,No,BASKETBALL,Vince Carter,Graphic Jam,Upper Deck,2000,,2000-01 Upper Deck,,NBA,,Toronto Raptors,No,Near mint or better - (ID: 400010),,G7,,Sports Trading Card,,,2000,,,,,,,,,,,,,,Graphic Jam,,https://storage.googleapis.com/cdp-batches-prod/20327-731994/37262939-front.jpg | https://storage.googleapis.com/cdp-batches-prod/20327-731994/37262939-back.jpg,,"<div class=""ql-editor""><p><strong></strong></p><p><br></p><p><strong>Vince Carter 2000-01 Upper Deck Graphic Jam #G7 Toronto Raptors Card</strong></p><p><br></p><p>Photos show the exact card you will receive unless this is a quantity listing. If multiple copies are available, the photos show the worst-conditioned card so you know exactly what to expect.<strong><span class=""ql-cursor"">﻿</span></strong></p><p><br></p><p><strong>ABOUT US:</strong></p><p>Monterey Sports Cards is a father-and-son shop. My 10-year-old and I sort, scan, and list cards together in the same condition we’d want to receive ourselves. We also enjoy creating hobby-related content in our free time. Very worn cards go into bulk lots or personal stash, except for pre-1980 cards which are listed regardless of wear.</p><p><br></p><p><strong>PACKAGING:</strong></p><p>All cards ship in penny sleeves and Top Loaders or Card Savers, sealed in a Team Bag for protection. If you prefer a specific holder type, just leave a note at checkout.</p><p><br></p><p><strong>SAVE WHEN YOU BUILD A CART:</strong></p><p>• Add 6+ cards under $2.99 → Get 40% OFF&nbsp;&nbsp;</p><p>• Add 5+ cards priced $3.00–$9.99 → Get 20% OFF&nbsp;&nbsp;</p><p><em>Discounts apply automatically at checkout — no code needed.</em></p><p><br></p></div>",FixedPrice,GTC,2.39,0,1,1,,1,,"Corona,California",92882,Flat,US_eBayStandardEnvelope,1,,,,,1,,,ReturnsAccepted,Days_30,MoneyBackOrReplacement,Seller,,,,,,,2025-11-20T09:00:00,1,,,No,No
Add,111325-NBA-E,261328,4626250016,Tracy McGrady 1998-99 Metal Universe #51 Toronto Raptors,,,4000,No,BASKETBALL,Tracy McGrady,,Fleer,1998,,1998-99 Metal Universe,,NBA,,Toronto Raptors,No,Near mint or better - (ID: 400010),,51,,Sports Trading Card,,,1998,,,,,,,,,,,,,,,,https://storage.googleapis.com/cdp-batches-prod/20327-731994/37262941-front.jpg | https://storage.googleapis.com/cdp-batches-prod/20327-731994/37262941-back.jpg,,"<div class=""ql-editor""><p><strong></strong></p><p><br></p><p><strong>Tracy McGrady 1998-99 Metal Universe #51 Toronto Raptors Card</strong></p><p><br></p><p>Photos show the exact card you will receive unless this is a quantity listing. If multiple copies are available, the photos show the worst-conditioned card so you know exactly what to expect.<strong><span class=""ql-cursor"">﻿</span></strong></p><p><br></p><p><strong>ABOUT US:</strong></p><p>Monterey Sports Cards is a father-and-son shop. My 10-year-old and I sort, scan, and list cards together in the same condition we’d want to receive ourselves. We also enjoy creating hobby-related content in our free time. Very worn cards go into bulk lots or personal stash, except for pre-1980 cards which are listed regardless of wear.</p><p><br></p><p><strong>PACKAGING:</strong></p><p>All cards ship in penny sleeves and Top Loaders or Card Savers, sealed in a Team Bag for protection. If you prefer a specific holder type, just leave a note at checkout.</p><p><br></p><p><strong>SAVE WHEN YOU BUILD A CART:</strong></p><p>• Add 6+ cards under $2.99 → Get 40% OFF&nbsp;&nbsp;</p><p>• Add 5+ cards priced $3.00–$9.99 → Get 20% OFF&nbsp;&nbsp;</p><p><em>Discounts apply automatically at checkout — no code needed.</em></p><p><br></p></div>",FixedPrice,GTC,1.65,0,2,1,,1,,"Corona,California",92882,Flat,US_eBayStandardEnvelope,1,,,,,1,,,ReturnsAccepted,Days_30,MoneyBackOrReplacement,Seller,,,,,,,2025-11-20T09:00:00,1,,,No,No
Add,111325-NBA-E,261328,4626250016,Marcus Camby 1998-99 Fleer Tradition Plus Factor #136 Toronto Raptors,,,4000,No,BASKETBALL,Marcus Camby,,Fleer,1998,,1998-99 Fleer Tradition,,NBA,,Toronto Raptors,No,Near mint or better - (ID: 400010),,136,,Sports Trading Card,,,1998,,,,,,,,,,,,,,,,https://storage.googleapis.com/cdp-batches-prod/20327-731994/37262943-front.jpg | https://storage.googleapis.com/cdp-batches-prod/20327-731994/37262943-back.jpg,,"<div class=""ql-editor""><p><strong></strong></p><p><br></p><p><strong>Marcus Camby 1998-99 Fleer Tradition #136 Toronto Raptors Card</strong></p><p><br></p><p>Photos show the exact card you will receive unless this is a quantity listing. If multiple copies are available, the photos show the worst-conditioned card so you know exactly what to expect.<strong><span class=""ql-cursor"">﻿</span></strong></p><p><br></p><p><strong>ABOUT US:</strong></p><p>Monterey Sports Cards is a father-and-son shop. My 10-year-old and I sort, scan, and list cards together in the same condition we’d want to receive ourselves. We also enjoy creating hobby-related content in our free time. Very worn cards go into bulk lots or personal stash, except for pre-1980 cards which are listed regardless of wear.</p><p><br></p><p><strong>PACKAGING:</strong></p><p>All cards ship in penny sleeves and Top Loaders or Card Savers, sealed in a Team Bag for protection. If you prefer a specific holder type, just leave a note at checkout.</p><p><br></p><p><strong>SAVE WHEN YOU BUILD A CART:</strong></p><p>• Add 6+ cards under $2.99 → Get 40% OFF&nbsp;&nbsp;</p><p>• Add 5+ cards priced $3.00–$9.99 → Get 20% OFF&nbsp;&nbsp;</p><p><em>Discounts apply automatically at checkout — no code needed.</em></p><p><br></p></div>",FixedPrice,GTC,1.5,0,3,1,,1,,"Corona,California",92882,Flat,US_eBayStandardEnvelope,1,,,,,1,,,ReturnsAccepted,Days_30,MoneyBackOrReplacement,Seller,,,,,,,2025-11-20T09:00:00,1,,,No,No
Add,111325-NBA-E,261328,4626250016,Vince Carter 1999-00 Upper Deck Victory Dynamite Dunks #327 Toronto Raptors,,,4000,No,BASKETBALL,Vince Carter,,Upper Deck,1999,,1999-00 Upper Deck Victory,,NBA,,Toronto Raptors,No,Near mint or better - (ID: 400010),,327,,Sports Trading Card,,,1999,,,,,,,,,,,,,,,,https://storage.googleapis.com/cdp-batches-prod/20327-731994/37262945-front.jpg | https://storage.googleapis.com/cdp-batches-prod/20327-731994/37262945-back.jpg,,"<div class=""ql-editor""><p><strong></strong></p><p><br></p><p><strong>Vince Carter 1999-00 Upper Deck Victory #327 Toronto Raptors Card</strong></p><p><br></p><p>Photos show the exact card you will receive unless this is a quantity listing. If multiple copies are available, the photos show the worst-conditioned card so you know exactly what to expect.<strong><span class=""ql-cursor"">﻿</span></strong></p><p><br></p><p><strong>ABOUT US:</strong></p><p>Monterey Sports Cards is a father-and-son shop. My 10-year-old and I sort, scan, and list cards together in the same condition we’d want to receive ourselves. We also enjoy creating hobby-related content in our free time. Very worn cards go into bulk lots or personal stash, except for pre-1980 cards which are listed regardless of wear.</p><p><br></p><p><strong>PACKAGING:</strong></p><p>All cards ship in penny sleeves and Top Loaders or Card Savers, sealed in a Team Bag for protection. If you prefer a specific holder type, just leave a note at checkout.</p><p><br></p><p><strong>SAVE WHEN YOU BUILD A CART:</strong></p><p>• Add 6+ cards under $2.99 → Get 40% OFF&nbsp;&nbsp;</p><p>• Add 5+ cards priced $3.00–$9.99 → Get 20% OFF&nbsp;&nbsp;</p><p><em>Discounts apply automatically at checkout — no code needed.</em></p><p><br></p></div>",FixedPrice,GTC,1.7,0,1,1,,1,,"Corona,California",92882,Flat,US_eBayStandardEnvelope,1,,,,,1,,,ReturnsAccepted,Days_30,MoneyBackOrReplacement,Seller,,,,,,,2025-11-20T09:00:00,1,,,No,No
Add,111325-NBA-E,261328,4626250016,Walker Kessler 2023-24 Panini Prizm Prizms Red Ice #120 Utah Jazz,,,4000,No,BASKETBALL,Walker Kessler,Prizms Red Ice,Panini,2023,,2023-24 Panini Prizm,,NBA,,Utah Jazz,No,Near mint or better - (ID: 400010),,120,,Sports Trading Card,,,2023,,,,,,,,,,,,,,Prizms Red Ice,,https://storage.googleapis.com/cdp-batches-prod/20327-731994/37262947-front.jpg | https://storage.googleapis.com/cdp-batches-prod/20327-731994/37262947-back.jpg,,"<div class=""ql-editor""><p><strong></strong></p><p><br></p><p><strong>Walker Kessler 2023-24 Panini Prizm Prizms Red Ice #120 Utah Jazz Card</strong></p><p><br></p><p>Photos show the exact card you will receive unless this is a quantity listing. If multiple copies are available, the photos show the worst-conditioned card so you know exactly what to expect.<strong><span class=""ql-cursor"">﻿</span></strong></p><p><br></p><p><strong>ABOUT US:</strong></p><p>Monterey Sports Cards is a father-and-son shop. My 10-year-old and I sort, scan, and list cards together in the same condition we’d want to receive ourselves. We also enjoy creating hobby-related content in our free time. Very worn cards go into bulk lots or personal stash, except for pre-1980 cards which are listed regardless of wear.</p><p><br></p><p><strong>PACKAGING:</strong></p><p>All cards ship in penny sleeves and Top Loaders or Card Savers, sealed in a Team Bag for protection. If you prefer a specific holder type, just leave a note at checkout.</p><p><br></p><p><strong>SAVE WHEN YOU BUILD A CART:</strong></p><p>• Add 6+ cards under $2.99 → Get 40% OFF&nbsp;&nbsp;</p><p>• Add 5+ cards priced $3.00–$9.99 → Get 20% OFF&nbsp;&nbsp;</p><p><em>Discounts apply automatically at checkout — no code needed.</em></p><p><br></p></div>",FixedPrice,GTC,2,0,1,1,,1,,"Corona,California",92882,Flat,US_eBayStandardEnvelope,1,,,,,1,,,ReturnsAccepted,Days_30,MoneyBackOrReplacement,Seller,,,,,,,2025-11-20T09:00:00,1,,,No,No
Add,111325-NBA-E,261328,4626250016,Juwan Howard 1997-98 E-X2001 #32 Washington Wizards,,,4000,No,BASKETBALL,Juwan Howard,,Fleer,1997,,1997-98 E-X2001,,NBA,,Washington Wizards,No,Near mint or better - (ID: 400010),,32,,Sports Trading Card,,,1997,,,,,,,,,,,,,,,,https://storage.googleapis.com/cdp-batches-prod/20327-731994/37262950-front.jpg | https://storage.googleapis.com/cdp-batches-prod/20327-731994/37262950-back.jpg,,"<div class=""ql-editor""><p><strong></strong></p><p><br></p><p><strong>Juwan Howard 1997-98 E-X2001 #32 Washington Wizards Card</strong></p><p><br></p><p>Photos show the exact card you will receive unless this is a quantity listing. If multiple copies are available, the photos show the worst-conditioned card so you know exactly what to expect.<strong><span class=""ql-cursor"">﻿</span></strong></p><p><br></p><p><strong>ABOUT US:</strong></p><p>Monterey Sports Cards is a father-and-son shop. My 10-year-old and I sort, scan, and list cards together in the same condition we’d want to receive ourselves. We also enjoy creating hobby-related content in our free time. Very worn cards go into bulk lots or personal stash, except for pre-1980 cards which are listed regardless of wear.</p><p><br></p><p><strong>PACKAGING:</strong></p><p>All cards ship in penny sleeves and Top Loaders or Card Savers, sealed in a Team Bag for protection. If you prefer a specific holder type, just leave a note at checkout.</p><p><br></p><p><strong>SAVE WHEN YOU BUILD A CART:</strong></p><p>• Add 6+ cards under $2.99 → Get 40% OFF&nbsp;&nbsp;</p><p>• Add 5+ cards priced $3.00–$9.99 → Get 20% OFF&nbsp;&nbsp;</p><p><em>Discounts apply automatically at checkout — no code needed.</em></p><p><br></p></div>",FixedPrice,GTC,1.65,0,1,1,,1,,"Corona,California",92882,Flat,US_eBayStandardEnvelope,1,,,,,1,,,ReturnsAccepted,Days_30,MoneyBackOrReplacement,Seller,,,,,,,2025-11-20T09:00:00,1,,,No,No
Add,111325-NBA-E,261328,4626250016,Juwan Howard 1999-00 Topps Gold Label Class 1 #27 Washington Wizards,,,4000,No,BASKETBALL,Juwan Howard,,Topps,1999,,1999-00 Topps Gold Label,,NBA,,Washington Wizards,No,Near mint or better - (ID: 400010),,27,,Sports Trading Card,,,1999,,,,,,,,,,,,,,,,https://storage.googleapis.com/cdp-batches-prod/20327-731994/37262952-front.jpg | https://storage.googleapis.com/cdp-batches-prod/20327-731994/37262952-back.jpg,,"<div class=""ql-editor""><p><strong></strong></p><p><br></p><p><strong>Juwan Howard 1999-00 Topps Gold Label #27 Washington Wizards Card</strong></p><p><br></p><p>Photos show the exact card you will receive unless this is a quantity listing. If multiple copies are available, the photos show the worst-conditioned card so you know exactly what to expect.<strong><span class=""ql-cursor"">﻿</span></strong></p><p><br></p><p><strong>ABOUT US:</strong></p><p>Monterey Sports Cards is a father-and-son shop. My 10-year-old and I sort, scan, and list cards together in the same condition we’d want to receive ourselves. We also enjoy creating hobby-related content in our free time. Very worn cards go into bulk lots or personal stash, except for pre-1980 cards which are listed regardless of wear.</p><p><br></p><p><strong>PACKAGING:</strong></p><p>All cards ship in penny sleeves and Top Loaders or Card Savers, sealed in a Team Bag for protection. If you prefer a specific holder type, just leave a note at checkout.</p><p><br></p><p><strong>SAVE WHEN YOU BUILD A CART:</strong></p><p>• Add 6+ cards under $2.99 → Get 40% OFF&nbsp;&nbsp;</p><p>• Add 5+ cards priced $3.00–$9.99 → Get 20% OFF&nbsp;&nbsp;</p><p><em>Discounts apply automatically at checkout — no code needed.</em></p><p><br></p></div>",FixedPrice,GTC,1.89,0,1,1,,1,,"Corona,California",92882,Flat,US_eBayStandardEnvelope,1,,,,,1,,,ReturnsAccepted,Days_30,MoneyBackOrReplacement,Seller,,,,,,,2025-11-20T09:00:00,1,,,No,No
Add,111325-NBA-E,261328,4626250016,Juwan Howard 1998-99 Flair Showcase Flair Showcase Row 2 #42 Washington Wizards,,,4000,No,BASKETBALL,Juwan Howard,Flair Showcase Row 2,Fleer,1998,,1998-99 Flair Showcase,,NBA,,Washington Wizards,No,Near mint or better - (ID: 400010),,42,,Sports Trading Card,,,1998,,,,,,,,,,,,,,Flair Showcase Row 2,,https://storage.googleapis.com/cdp-batches-prod/20327-731994/37262954-front.jpg | https://storage.googleapis.com/cdp-batches-prod/20327-731994/37262954-back.jpg,,"<div class=""ql-editor""><p><strong></strong></p><p><br></p><p><strong>Juwan Howard 1998-99 Flair Showcase Flair Showcase Row 2 #42 Washington Wizards Card</strong></p><p><br></p><p>Photos show the exact card you will receive unless this is a quantity listing. If multiple copies are available, the photos show the worst-conditioned card so you know exactly what to expect.<strong><span class=""ql-cursor"">﻿</span></strong></p><p><br></p><p><strong>ABOUT US:</strong></p><p>Monterey Sports Cards is a father-and-son shop. My 10-year-old and I sort, scan, and list cards together in the same condition we’d want to receive ourselves. We also enjoy creating hobby-related content in our free time. Very worn cards go into bulk lots or personal stash, except for pre-1980 cards which are listed regardless of wear.</p><p><br></p><p><strong>PACKAGING:</strong></p><p>All cards ship in penny sleeves and Top Loaders or Card Savers, sealed in a Team Bag for protection. If you prefer a specific holder type, just leave a note at checkout.</p><p><br></p><p><strong>SAVE WHEN YOU BUILD A CART:</strong></p><p>• Add 6+ cards under $2.99 → Get 40% OFF&nbsp;&nbsp;</p><p>• Add 5+ cards priced $3.00–$9.99 → Get 20% OFF&nbsp;&nbsp;</p><p><em>Discounts apply automatically at checkout — no code needed.</em></p><p><br></p></div>",FixedPrice,GTC,1.6,0,1,1,,1,,"Corona,California",92882,Flat,US_eBayStandardEnvelope,1,,,,,1,,,ReturnsAccepted,Days_30,MoneyBackOrReplacement,Seller,,,,,,,2025-11-20T09:00:00,1,,,No,No
Add,111325-NBA-E,261328,4626250016,Richard Hamilton 1999-00 Metal Platinum Portraits #4PP Washington Wizards,,,4000,No,BASKETBALL,Richard Hamilton,Platinum Portraits,Fleer,1999,,1999-00 Metal,,NBA,,Washington Wizards,No,Near mint or better - (ID: 400010),,4PP,,Sports Trading Card,,,1999,,,,,,,,,,,,,,Platinum Portraits,,https://storage.googleapis.com/cdp-batches-prod/20327-731994/37262956-front.jpg | https://storage.googleapis.com/cdp-batches-prod/20327-731994/37262956-back.jpg,,"<div class=""ql-editor""><p><strong></strong></p><p><br></p><p><strong>Richard Hamilton 1999-00 Metal Platinum Portraits #4PP Washington Wizards Card</strong></p><p><br></p><p>Photos show the exact card you will receive unless this is a quantity listing. If multiple copies are available, the photos show the worst-conditioned card so you know exactly what to expect.<strong><span class=""ql-cursor"">﻿</span></strong></p><p><br></p><p><strong>ABOUT US:</strong></p><p>Monterey Sports Cards is a father-and-son shop. My 10-year-old and I sort, scan, and list cards together in the same condition we’d want to receive ourselves. We also enjoy creating hobby-related content in our free time. Very worn cards go into bulk lots or personal stash, except for pre-1980 cards which are listed regardless of wear.</p><p><br></p><p><strong>PACKAGING:</strong></p><p>All cards ship in penny sleeves and Top Loaders or Card Savers, sealed in a Team Bag for protection. If you prefer a specific holder type, just leave a note at checkout.</p><p><br></p><p><strong>SAVE WHEN YOU BUILD A CART:</strong></p><p>• Add 6+ cards under $2.99 → Get 40% OFF&nbsp;&nbsp;</p><p>• Add 5+ cards priced $3.00–$9.99 → Get 20% OFF&nbsp;&nbsp;</p><p><em>Discounts apply automatically at checkout — no code needed.</em></p><p><br></p></div>",FixedPrice,GTC,1.89,0,1,1,,1,,"Corona,California",92882,Flat,US_eBayStandardEnvelope,1,,,,,1,,,ReturnsAccepted,Days_30,MoneyBackOrReplacement,Seller,,,,,,,2025-11-20T09:00:00,1,,,No,No
Add,111325-NBA-E,261328,4626250016,Rod Strickland 1998-99 Fleer Tradition Plus Factor #133 Washington Wizards,,,4000,No,BASKETBALL,Rod Strickland,,Fleer,1998,,1998-99 Fleer Tradition,,NBA,,Washington Wizards,No,Near mint or better - (ID: 400010),,133,,Sports Trading Card,,,1998,,,,,,,,,,,,,,,,https://storage.googleapis.com/cdp-batches-prod/20327-731994/37262958-front.jpg | https://storage.googleapis.com/cdp-batches-prod/20327-731994/37262958-back.jpg,,"<div class=""ql-editor""><p><strong></strong></p><p><br></p><p><strong>Rod Strickland 1998-99 Fleer Tradition #133 Washington Wizards Card</strong></p><p><br></p><p>Photos show the exact card you will receive unless this is a quantity listing. If multiple copies are available, the photos show the worst-conditioned card so you know exactly what to expect.<strong><span class=""ql-cursor"">﻿</span></strong></p><p><br></p><p><strong>ABOUT US:</strong></p><p>Monterey Sports Cards is a father-and-son shop. My 10-year-old and I sort, scan, and list cards together in the same condition we’d want to receive ourselves. We also enjoy creating hobby-related content in our free time. Very worn cards go into bulk lots or personal stash, except for pre-1980 cards which are listed regardless of wear.</p><p><br></p><p><strong>PACKAGING:</strong></p><p>All cards ship in penny sleeves and Top Loaders or Card Savers, sealed in a Team Bag for protection. If you prefer a specific holder type, just leave a note at checkout.</p><p><br></p><p><strong>SAVE WHEN YOU BUILD A CART:</strong></p><p>• Add 6+ cards under $2.99 → Get 40% OFF&nbsp;&nbsp;</p><p>• Add 5+ cards priced $3.00–$9.99 → Get 20% OFF&nbsp;&nbsp;</p><p><em>Discounts apply automatically at checkout — no code needed.</em></p><p><br></p></div>",FixedPrice,GTC,1.5,0,1,1,,1,,"Corona,California",92882,Flat,US_eBayStandardEnvelope,1,,,,,1,,,ReturnsAccepted,Days_30,MoneyBackOrReplacement,Seller,,,,,,,2025-11-20T09:00:00,1,,,No,No
Add,111325-NBA-E,261328,4626250016,Ben Wallace 1996-97 SkyBox Z-Force RC #165 Washington Bullets,,,4000,No,BASKETBALL,Ben Wallace,,SkyBox,1996,RC,1996-97 SkyBox Z-Force,,NBA,,Washington Bullets,No,Near mint or better - (ID: 400010),,165,,Sports Trading Card,,,1996,,,,,,,,,,,,,,,,https://storage.googleapis.com/cdp-batches-prod/20327-731994/37262960-front.jpg | https://storage.googleapis.com/cdp-batches-prod/20327-731994/37262960-back.jpg,,"<div class=""ql-editor""><p><strong></strong></p><p><br></p><p><strong>Ben Wallace 1996-97 SkyBox Z-Force #165 RC Washington Bullets Card</strong></p><p><br></p><p>Photos show the exact card you will receive unless this is a quantity listing. If multiple copies are available, the photos show the worst-conditioned card so you know exactly what to expect.<strong><span class=""ql-cursor"">﻿</span></strong></p><p><br></p><p><strong>ABOUT US:</strong></p><p>Monterey Sports Cards is a father-and-son shop. My 10-year-old and I sort, scan, and list cards together in the same condition we’d want to receive ourselves. We also enjoy creating hobby-related content in our free time. Very worn cards go into bulk lots or personal stash, except for pre-1980 cards which are listed regardless of wear.</p><p><br></p><p><strong>PACKAGING:</strong></p><p>All cards ship in penny sleeves and Top Loaders or Card Savers, sealed in a Team Bag for protection. If you prefer a specific holder type, just leave a note at checkout.</p><p><br></p><p><strong>SAVE WHEN YOU BUILD A CART:</strong></p><p>• Add 6+ cards under $2.99 → Get 40% OFF&nbsp;&nbsp;</p><p>• Add 5+ cards priced $3.00–$9.99 → Get 20% OFF&nbsp;&nbsp;</p><p><em>Discounts apply automatically at checkout — no code needed.</em></p><p><br></p></div>",FixedPrice,GTC,1.89,0,1,1,,1,,"Corona,California",92882,Flat,US_eBayStandardEnvelope,1,,,,,1,,,ReturnsAccepted,Days_30,MoneyBackOrReplacement,Seller,,,,,,,2025-11-20T09:00:00,1,,,Yes,No
Add,111325-NBA-E,261328,4626250016,Chris Webber 1995-96 SkyBox Premium #298 Washington Bullets,,,4000,No,BASKETBALL,Chris Webber,,SkyBox,1995,,1995-96 SkyBox Premium,,NBA,,Washington Bullets,No,Near mint or better - (ID: 400010),,298,,Sports Trading Card,,,1995,,,,,,,,,,,,,,,,https://storage.googleapis.com/cdp-batches-prod/20327-731994/37262962-front.jpg | https://storage.googleapis.com/cdp-batches-prod/20327-731994/37262962-back.jpg,,"<div class=""ql-editor""><p><strong></strong></p><p><br></p><p><strong>Chris Webber 1995-96 SkyBox Premium #298 Washington Bullets Card</strong></p><p><br></p><p>Photos show the exact card you will receive unless this is a quantity listing. If multiple copies are available, the photos show the worst-conditioned card so you know exactly what to expect.<strong><span class=""ql-cursor"">﻿</span></strong></p><p><br></p><p><strong>ABOUT US:</strong></p><p>Monterey Sports Cards is a father-and-son shop. My 10-year-old and I sort, scan, and list cards together in the same condition we’d want to receive ourselves. We also enjoy creating hobby-related content in our free time. Very worn cards go into bulk lots or personal stash, except for pre-1980 cards which are listed regardless of wear.</p><p><br></p><p><strong>PACKAGING:</strong></p><p>All cards ship in penny sleeves and Top Loaders or Card Savers, sealed in a Team Bag for protection. If you prefer a specific holder type, just leave a note at checkout.</p><p><br></p><p><strong>SAVE WHEN YOU BUILD A CART:</strong></p><p>• Add 6+ cards under $2.99 → Get 40% OFF&nbsp;&nbsp;</p><p>• Add 5+ cards priced $3.00–$9.99 → Get 20% OFF&nbsp;&nbsp;</p><p><em>Discounts apply automatically at checkout — no code needed.</em></p><p><br></p></div>",FixedPrice,GTC,1.59,0,1,1,,1,,"Corona,California",92882,Flat,US_eBayStandardEnvelope,1,,,,,1,,,ReturnsAccepted,Days_30,MoneyBackOrReplacement,Seller,,,,,,,2025-11-20T09:00:00,1,,,No,No
Add,111325-NBA-E,261328,4626250016,Juwan Howard 1994-95 Hoops RC #378 Washington Bullets,,,4000,No,BASKETBALL,Juwan Howard,,Panini,1994,RC,1994-95 Hoops,,NBA,,Washington Bullets,No,Near mint or better - (ID: 400010),,378,,Sports Trading Card,,,1994,,,,,,,,,,,,,,,,https://storage.googleapis.com/cdp-batches-prod/20327-731994/37262963-front.jpg | https://storage.googleapis.com/cdp-batches-prod/20327-731994/37262963-back.jpg,,"<div class=""ql-editor""><p><strong></strong></p><p><br></p><p><strong>Juwan Howard 1994-95 Hoops #378 RC Washington Bullets Card</strong></p><p><br></p><p>Photos show the exact card you will receive unless this is a quantity listing. If multiple copies are available, the photos show the worst-conditioned card so you know exactly what to expect.<strong><span class=""ql-cursor"">﻿</span></strong></p><p><br></p><p><strong>ABOUT US:</strong></p><p>Monterey Sports Cards is a father-and-son shop. My 10-year-old and I sort, scan, and list cards together in the same condition we’d want to receive ourselves. We also enjoy creating hobby-related content in our free time. Very worn cards go into bulk lots or personal stash, except for pre-1980 cards which are listed regardless of wear.</p><p><br></p><p><strong>PACKAGING:</strong></p><p>All cards ship in penny sleeves and Top Loaders or Card Savers, sealed in a Team Bag for protection. If you prefer a specific holder type, just leave a note at checkout.</p><p><br></p><p><strong>SAVE WHEN YOU BUILD A CART:</strong></p><p>• Add 6+ cards under $2.99 → Get 40% OFF&nbsp;&nbsp;</p><p>• Add 5+ cards priced $3.00–$9.99 → Get 20% OFF&nbsp;&nbsp;</p><p><em>Discounts apply automatically at checkout — no code needed.</em></p><p><br></p></div>",FixedPrice,GTC,1.5,0,3,1,,1,,"Corona,California",92882,Flat,US_eBayStandardEnvelope,1,,,,,1,,,ReturnsAccepted,Days_30,MoneyBackOrReplacement,Seller,,,,,,,2025-11-20T09:00:00,1,,,Yes,No
Add,111325-NBA-E,261328,4626250016,Richard Hamilton 1999-00 SkyBox Impact RC #56 Washington Wizards,,,4000,No,BASKETBALL,Richard Hamilton,,SkyBox,1999,RC,1999-00 SkyBox Impact,,NBA,,Washington Wizards,No,Near mint or better - (ID: 400010),,56,,Sports Trading Card,,,1999,,,,,,,,,,,,,,,,https://storage.googleapis.com/cdp-batches-prod/20327-731994/37262964-front.jpg | https://storage.googleapis.com/cdp-batches-prod/20327-731994/37262964-back.jpg,,"<div class=""ql-editor""><p><strong></strong></p><p><br></p><p><strong>Richard Hamilton 1999-00 SkyBox Impact #56 RC Washington Wizards Card</strong></p><p><br></p><p>Photos show the exact card you will receive unless this is a quantity listing. If multiple copies are available, the photos show the worst-conditioned card so you know exactly what to expect.<strong><span class=""ql-cursor"">﻿</span></strong></p><p><br></p><p><strong>ABOUT US:</strong></p><p>Monterey Sports Cards is a father-and-son shop. My 10-year-old and I sort, scan, and list cards together in the same condition we’d want to receive ourselves. We also enjoy creating hobby-related content in our free time. Very worn cards go into bulk lots or personal stash, except for pre-1980 cards which are listed regardless of wear.</p><p><br></p><p><strong>PACKAGING:</strong></p><p>All cards ship in penny sleeves and Top Loaders or Card Savers, sealed in a Team Bag for protection. If you prefer a specific holder type, just leave a note at checkout.</p><p><br></p><p><strong>SAVE WHEN YOU BUILD A CART:</strong></p><p>• Add 6+ cards under $2.99 → Get 40% OFF&nbsp;&nbsp;</p><p>• Add 5+ cards priced $3.00–$9.99 → Get 20% OFF&nbsp;&nbsp;</p><p><em>Discounts apply automatically at checkout — no code needed.</em></p><p><br></p></div>",FixedPrice,GTC,1.7,0,1,1,,1,,"Corona,California",92882,Flat,US_eBayStandardEnvelope,1,,,,,1,,,ReturnsAccepted,Days_30,MoneyBackOrReplacement,Seller,,,,,,,2025-11-20T09:00:00,1,,,Yes,No
Add,111325-NBA-E,261328,4626250016,Kwame Brown 2001-02 Topps Chrome RC #165 Washington Wizards,,,4000,No,BASKETBALL,Kwame Brown,,Topps,2001,RC,2001-02 Topps Chrome,,NBA,,Washington Wizards,No,Near mint or better - (ID: 400010),,165,,Sports Trading Card,,,2001,,,,,,,,,,,,,,,,https://storage.googleapis.com/cdp-batches-prod/20327-731994/37262965-front.jpg | https://storage.googleapis.com/cdp-batches-prod/20327-731994/37262965-back.jpg,,"<div class=""ql-editor""><p><strong></strong></p><p><br></p><p><strong>Kwame Brown 2001-02 Topps Chrome #165 RC Washington Wizards Card</strong></p><p><br></p><p>Photos show the exact card you will receive unless this is a quantity listing. If multiple copies are available, the photos show the worst-conditioned card so you know exactly what to expect.<strong><span class=""ql-cursor"">﻿</span></strong></p><p><br></p><p><strong>ABOUT US:</strong></p><p>Monterey Sports Cards is a father-and-son shop. My 10-year-old and I sort, scan, and list cards together in the same condition we’d want to receive ourselves. We also enjoy creating hobby-related content in our free time. Very worn cards go into bulk lots or personal stash, except for pre-1980 cards which are listed regardless of wear.</p><p><br></p><p><strong>PACKAGING:</strong></p><p>All cards ship in penny sleeves and Top Loaders or Card Savers, sealed in a Team Bag for protection. If you prefer a specific holder type, just leave a note at checkout.</p><p><br></p><p><strong>SAVE WHEN YOU BUILD A CART:</strong></p><p>• Add 6+ cards under $2.99 → Get 40% OFF&nbsp;&nbsp;</p><p>• Add 5+ cards priced $3.00–$9.99 → Get 20% OFF&nbsp;&nbsp;</p><p><em>Discounts apply automatically at checkout — no code needed.</em></p><p><br></p></div>",FixedPrice,GTC,1.89,0,1,1,,1,,"Corona,California",92882,Flat,US_eBayStandardEnvelope,1,,,,,1,,,ReturnsAccepted,Days_30,MoneyBackOrReplacement,Seller,,,,,,,2025-11-20T09:00:00,1,,,Yes,No
Add,111325-NBA-E,261328,4626250016,Richard Hamilton 1999-00 Upper Deck MVP RC #213 Washington Wizards,,,4000,No,BASKETBALL,Richard Hamilton,,Upper Deck,1999,RC,1999-00 Upper Deck MVP,,NBA,,Washington Wizards,No,Near mint or better - (ID: 400010),,213,,Sports Trading Card,,,1999,,,,,,,,,,,,,,,,https://storage.googleapis.com/cdp-batches-prod/20327-731994/37262966-front.jpg | https://storage.googleapis.com/cdp-batches-prod/20327-731994/37262966-back.jpg,,"<div class=""ql-editor""><p><strong></strong></p><p><br></p><p><strong>Richard Hamilton 1999-00 Upper Deck MVP #213 RC Washington Wizards Card</strong></p><p><br></p><p>Photos show the exact card you will receive unless this is a quantity listing. If multiple copies are available, the photos show the worst-conditioned card so you know exactly what to expect.<strong><span class=""ql-cursor"">﻿</span></strong></p><p><br></p><p><strong>ABOUT US:</strong></p><p>Monterey Sports Cards is a father-and-son shop. My 10-year-old and I sort, scan, and list cards together in the same condition we’d want to receive ourselves. We also enjoy creating hobby-related content in our free time. Very worn cards go into bulk lots or personal stash, except for pre-1980 cards which are listed regardless of wear.</p><p><br></p><p><strong>PACKAGING:</strong></p><p>All cards ship in penny sleeves and Top Loaders or Card Savers, sealed in a Team Bag for protection. If you prefer a specific holder type, just leave a note at checkout.</p><p><br></p><p><strong>SAVE WHEN YOU BUILD A CART:</strong></p><p>• Add 6+ cards under $2.99 → Get 40% OFF&nbsp;&nbsp;</p><p>• Add 5+ cards priced $3.00–$9.99 → Get 20% OFF&nbsp;&nbsp;</p><p><em>Discounts apply automatically at checkout — no code needed.</em></p><p><br></p></div>",FixedPrice,GTC,1.65,0,1,1,,1,,"Corona,California",92882,Flat,US_eBayStandardEnvelope,1,,,,,1,,,ReturnsAccepted,Days_30,MoneyBackOrReplacement,Seller,,,,,,,2025-11-20T09:00:00,1,,,Yes,No
Add,111325-NBA-E,261328,4626250016,Ben Wallace 1996-97 Hoops RC #314 Washington Bullets,,,4000,No,BASKETBALL,Ben Wallace,,Hoops,1996,RC,1996-97 Hoops,,NBA,,Washington Bullets,No,Near mint or better - (ID: 400010),,314,,Sports Trading Card,,,1996,,,,,,,,,,,,,,,,https://storage.googleapis.com/cdp-batches-prod/20327-731994/37262967-front.jpg | https://storage.googleapis.com/cdp-batches-prod/20327-731994/37262967-back.jpg,,"<div class=""ql-editor""><p><strong></strong></p><p><br></p><p><strong>Ben Wallace 1996-97 Hoops #314 RC Washington Bullets Card</strong></p><p><br></p><p>Photos show the exact card you will receive unless this is a quantity listing. If multiple copies are available, the photos show the worst-conditioned card so you know exactly what to expect.<strong><span class=""ql-cursor"">﻿</span></strong></p><p><br></p><p><strong>ABOUT US:</strong></p><p>Monterey Sports Cards is a father-and-son shop. My 10-year-old and I sort, scan, and list cards together in the same condition we’d want to receive ourselves. We also enjoy creating hobby-related content in our free time. Very worn cards go into bulk lots or personal stash, except for pre-1980 cards which are listed regardless of wear.</p><p><br></p><p><strong>PACKAGING:</strong></p><p>All cards ship in penny sleeves and Top Loaders or Card Savers, sealed in a Team Bag for protection. If you prefer a specific holder type, just leave a note at checkout.</p><p><br></p><p><strong>SAVE WHEN YOU BUILD A CART:</strong></p><p>• Add 6+ cards under $2.99 → Get 40% OFF&nbsp;&nbsp;</p><p>• Add 5+ cards priced $3.00–$9.99 → Get 20% OFF&nbsp;&nbsp;</p><p><em>Discounts apply automatically at checkout — no code needed.</em></p><p><br></p></div>",FixedPrice,GTC,1.7,0,1,1,,1,,"Corona,California",92882,Flat,US_eBayStandardEnvelope,1,,,,,1,,,ReturnsAccepted,Days_30,MoneyBackOrReplacement,Seller,,,,,,,2025-11-20T09:00:00,1,,,Yes,No
Add,111325-NBA-E,261328,4626250016,Onyeka Okongwu 2020-21 Panini Revolution Rookie Revolution Fractal #16,,,4000,No,BASKETBALL,Onyeka Okongwu,Rookie Revolution Fractal,Panini,2020,,2020-21 Panini Revolution,,NBA,,Atlanta Hawks,No,Near mint or better - (ID: 400010),,16,,Sports Trading Card,,,2020,,,,,,,,,,,,,,Rookie Revolution Fractal,,https://storage.googleapis.com/cdp-batches-prod/20327-731994/37262968-front.jpg | https://storage.googleapis.com/cdp-batches-prod/20327-731994/37262968-back.jpg,,"<div class=""ql-editor""><p><strong></strong></p><p><br></p><p><strong>Onyeka Okongwu 2020-21 Panini Revolution Rookie Revolution Fractal #16 Atlanta Hawks Card</strong></p><p><br></p><p>Photos show the exact card you will receive unless this is a quantity listing. If multiple copies are available, the photos show the worst-conditioned card so you know exactly what to expect.<strong><span class=""ql-cursor"">﻿</span></strong></p><p><br></p><p><strong>ABOUT US:</strong></p><p>Monterey Sports Cards is a father-and-son shop. My 10-year-old and I sort, scan, and list cards together in the same condition we’d want to receive ourselves. We also enjoy creating hobby-related content in our free time. Very worn cards go into bulk lots or personal stash, except for pre-1980 cards which are listed regardless of wear.</p><p><br></p><p><strong>PACKAGING:</strong></p><p>All cards ship in penny sleeves and Top Loaders or Card Savers, sealed in a Team Bag for protection. If you prefer a specific holder type, just leave a note at checkout.</p><p><br></p><p><strong>SAVE WHEN YOU BUILD A CART:</strong></p><p>• Add 6+ cards under $2.99 → Get 40% OFF&nbsp;&nbsp;</p><p>• Add 5+ cards priced $3.00–$9.99 → Get 20% OFF&nbsp;&nbsp;</p><p><em>Discounts apply automatically at checkout — no code needed.</em></p><p><br></p></div>",FixedPrice,GTC,5.69,0,1,1,,1,,"Corona,California",92882,Flat,US_eBayStandardEnvelope,1,,,,,1,,,ReturnsAccepted,Days_30,MoneyBackOrReplacement,Seller,,,,,,,2025-11-20T09:00:00,1,,,No,No
Add,111325-NBA-E,261328,4626250016,Immanuel Quickley 2020-21 Panini Mosaic Silver #277 New York Knicks,,,4000,No,BASKETBALL,Immanuel Quickley,Silver,Panini,2020,,2020-21 Panini Mosaic,,NBA,,New York Knicks,No,Near mint or better - (ID: 400010),,277,,Sports Trading Card,,,2020,,,,,,,,,,,,,,Silver,,https://storage.googleapis.com/cdp-batches-prod/20327-731994/37262969-front.jpg | https://storage.googleapis.com/cdp-batches-prod/20327-731994/37262969-back.jpg,,"<div class=""ql-editor""><p><strong></strong></p><p><br></p><p><strong>Immanuel Quickley 2020-21 Panini Mosaic Silver #277 New York Knicks Card</strong></p><p><br></p><p>Photos show the exact card you will receive unless this is a quantity listing. If multiple copies are available, the photos show the worst-conditioned card so you know exactly what to expect.<strong><span class=""ql-cursor"">﻿</span></strong></p><p><br></p><p><strong>ABOUT US:</strong></p><p>Monterey Sports Cards is a father-and-son shop. My 10-year-old and I sort, scan, and list cards together in the same condition we’d want to receive ourselves. We also enjoy creating hobby-related content in our free time. Very worn cards go into bulk lots or personal stash, except for pre-1980 cards which are listed regardless of wear.</p><p><br></p><p><strong>PACKAGING:</strong></p><p>All cards ship in penny sleeves and Top Loaders or Card Savers, sealed in a Team Bag for protection. If you prefer a specific holder type, just leave a note at checkout.</p><p><br></p><p><strong>SAVE WHEN YOU BUILD A CART:</strong></p><p>• Add 6+ cards under $2.99 → Get 40% OFF&nbsp;&nbsp;</p><p>• Add 5+ cards priced $3.00–$9.99 → Get 20% OFF&nbsp;&nbsp;</p><p><em>Discounts apply automatically at checkout — no code needed.</em></p><p><br></p></div>",FixedPrice,GTC,2.05,0,1,1,,1,,"Corona,California",92882,Flat,US_eBayStandardEnvelope,1,,,,,1,,,ReturnsAccepted,Days_30,MoneyBackOrReplacement,Seller,,,,,,,2025-11-20T09:00:00,1,,,No,No
Add,111325-NBA-E,261328,4626250016,Cole Anthony 2020-21 Donruss Optic Holo #165 Orlando Magic,,,4000,No,BASKETBALL,Cole Anthony,Holo,Donruss,2020,,2020-21 Donruss Optic,,NBA,,Orlando Magic,No,Near mint or better - (ID: 400010),,165,,Sports Trading Card,,,2020,,,,,,,,,,,,,,Holo,,https://storage.googleapis.com/cdp-batches-prod/20327-731994/37262970-front.jpg | https://storage.googleapis.com/cdp-batches-prod/20327-731994/37262970-back.jpg,,"<div class=""ql-editor""><p><strong></strong></p><p><br></p><p><strong>Cole Anthony 2020-21 Donruss Optic Holo #165 Orlando Magic Card</strong></p><p><br></p><p>Photos show the exact card you will receive unless this is a quantity listing. If multiple copies are available, the photos show the worst-conditioned card so you know exactly what to expect.<strong><span class=""ql-cursor"">﻿</span></strong></p><p><br></p><p><strong>ABOUT US:</strong></p><p>Monterey Sports Cards is a father-and-son shop. My 10-year-old and I sort, scan, and list cards together in the same condition we’d want to receive ourselves. We also enjoy creating hobby-related content in our free time. Very worn cards go into bulk lots or personal stash, except for pre-1980 cards which are listed regardless of wear.</p><p><br></p><p><strong>PACKAGING:</strong></p><p>All cards ship in penny sleeves and Top Loaders or Card Savers, sealed in a Team Bag for protection. If you prefer a specific holder type, just leave a note at checkout.</p><p><br></p><p><strong>SAVE WHEN YOU BUILD A CART:</strong></p><p>• Add 6+ cards under $2.99 → Get 40% OFF&nbsp;&nbsp;</p><p>• Add 5+ cards priced $3.00–$9.99 → Get 20% OFF&nbsp;&nbsp;</p><p><em>Discounts apply automatically at checkout — no code needed.</em></p><p><br></p></div>",FixedPrice,GTC,1.89,0,1,1,,1,,"Corona,California",92882,Flat,US_eBayStandardEnvelope,1,,,,,1,,,ReturnsAccepted,Days_30,MoneyBackOrReplacement,Seller,,,,,,,2025-11-20T09:00:00,1,,,No,No
Add,111325-NBA-E,261328,4626250016,Coby White 2019-20 Panini Illusions RC #163 Chicago Bulls,,,4000,No,BASKETBALL,Coby White,,Panini,2019,RC,2019-20 Panini Illusions,,NBA,,Chicago Bulls,No,Near mint or better - (ID: 400010),,163,,Sports Trading Card,,,2019,,,,,,,,,,,,,,,,https://storage.googleapis.com/cdp-batches-prod/20327-731994/37262971-front.jpg | https://storage.googleapis.com/cdp-batches-prod/20327-731994/37262971-back.jpg,,"<div class=""ql-editor""><p><strong></strong></p><p><br></p><p><strong>Coby White 2019-20 Panini Illusions #163 RC Chicago Bulls Card</strong></p><p><br></p><p>Photos show the exact card you will receive unless this is a quantity listing. If multiple copies are available, the photos show the worst-conditioned card so you know exactly what to expect.<strong><span class=""ql-cursor"">﻿</span></strong></p><p><br></p><p><strong>ABOUT US:</strong></p><p>Monterey Sports Cards is a father-and-son shop. My 10-year-old and I sort, scan, and list cards together in the same condition we’d want to receive ourselves. We also enjoy creating hobby-related content in our free time. Very worn cards go into bulk lots or personal stash, except for pre-1980 cards which are listed regardless of wear.</p><p><br></p><p><strong>PACKAGING:</strong></p><p>All cards ship in penny sleeves and Top Loaders or Card Savers, sealed in a Team Bag for protection. If you prefer a specific holder type, just leave a note at checkout.</p><p><br></p><p><strong>SAVE WHEN YOU BUILD A CART:</strong></p><p>• Add 6+ cards under $2.99 → Get 40% OFF&nbsp;&nbsp;</p><p>• Add 5+ cards priced $3.00–$9.99 → Get 20% OFF&nbsp;&nbsp;</p><p><em>Discounts apply automatically at checkout — no code needed.</em></p><p><br></p></div>",FixedPrice,GTC,1.65,0,1,1,,1,,"Corona,California",92882,Flat,US_eBayStandardEnvelope,1,,,,,1,,,ReturnsAccepted,Days_30,MoneyBackOrReplacement,Seller,,,,,,,2025-11-20T09:00:00,1,,,Yes,No
Add,111325-NBA-E,261328,4626250016,Naz Reid 2019-20 Hoops Premium Stock Prizms Silver Mojo RC #253,,,4000,No,BASKETBALL,Naz Reid,Prizms Silver Mojo,Prizm,2019,RC,2019-20 Hoops Premium Stock,,NBA,,Minnesota Timberwolves,No,Near mint or better - (ID: 400010),,253,,Sports Trading Card,,,2019,,,,,,,,,,,,,,Prizms Silver Mojo,,https://storage.googleapis.com/cdp-batches-prod/20327-731994/37262972-front.jpg | https://storage.googleapis.com/cdp-batches-prod/20327-731994/37262972-back.jpg,,"<div class=""ql-editor""><p><strong></strong></p><p><br></p><p><strong>Naz Reid 2019-20 Hoops Premium Stock Prizms Silver Mojo #253 RC Minnesota Timberwolves Card</strong></p><p><br></p><p>Photos show the exact card you will receive unless this is a quantity listing. If multiple copies are available, the photos show the worst-conditioned card so you know exactly what to expect.<strong><span class=""ql-cursor"">﻿</span></strong></p><p><br></p><p><strong>ABOUT US:</strong></p><p>Monterey Sports Cards is a father-and-son shop. My 10-year-old and I sort, scan, and list cards together in the same condition we’d want to receive ourselves. We also enjoy creating hobby-related content in our free time. Very worn cards go into bulk lots or personal stash, except for pre-1980 cards which are listed regardless of wear.</p><p><br></p><p><strong>PACKAGING:</strong></p><p>All cards ship in penny sleeves and Top Loaders or Card Savers, sealed in a Team Bag for protection. If you prefer a specific holder type, just leave a note at checkout.</p><p><br></p><p><strong>SAVE WHEN YOU BUILD A CART:</strong></p><p>• Add 6+ cards under $2.99 → Get 40% OFF&nbsp;&nbsp;</p><p>• Add 5+ cards priced $3.00–$9.99 → Get 20% OFF&nbsp;&nbsp;</p><p><em>Discounts apply automatically at checkout — no code needed.</em></p><p><br></p></div>",FixedPrice,GTC,5.5,0,1,1,,1,,"Corona,California",92882,Flat,US_eBayStandardEnvelope,1,,,,,1,,,ReturnsAccepted,Days_30,MoneyBackOrReplacement,Seller,,,,,,,2025-11-20T09:00:00,1,,,Yes,No
Add,111325-NBA-E,261328,4626250016,Isaiah Todd 2021-22 Panini Select Silver Prizms RC #65 Washington Wizards,,,4000,No,BASKETBALL,Isaiah Todd,Silver Prizms,Panini,2021,RC,2021-22 Panini Select,,NBA,,Washington Wizards,No,Near mint or better - (ID: 400010),,65,,Sports Trading Card,,,2021,,,,,,,,,,,,,,Silver Prizms,,https://storage.googleapis.com/cdp-batches-prod/20327-731994/37262973-front.jpg | https://storage.googleapis.com/cdp-batches-prod/20327-731994/37262973-back.jpg,,"<div class=""ql-editor""><p><strong></strong></p><p><br></p><p><strong>Isaiah Todd 2021-22 Panini Select Silver Prizms #65 RC Washington Wizards Card</strong></p><p><br></p><p>Photos show the exact card you will receive unless this is a quantity listing. If multiple copies are available, the photos show the worst-conditioned card so you know exactly what to expect.<strong><span class=""ql-cursor"">﻿</span></strong></p><p><br></p><p><strong>ABOUT US:</strong></p><p>Monterey Sports Cards is a father-and-son shop. My 10-year-old and I sort, scan, and list cards together in the same condition we’d want to receive ourselves. We also enjoy creating hobby-related content in our free time. Very worn cards go into bulk lots or personal stash, except for pre-1980 cards which are listed regardless of wear.</p><p><br></p><p><strong>PACKAGING:</strong></p><p>All cards ship in penny sleeves and Top Loaders or Card Savers, sealed in a Team Bag for protection. If you prefer a specific holder type, just leave a note at checkout.</p><p><br></p><p><strong>SAVE WHEN YOU BUILD A CART:</strong></p><p>• Add 6+ cards under $2.99 → Get 40% OFF&nbsp;&nbsp;</p><p>• Add 5+ cards priced $3.00–$9.99 → Get 20% OFF&nbsp;&nbsp;</p><p><em>Discounts apply automatically at checkout — no code needed.</em></p><p><br></p></div>",FixedPrice,GTC,1.89,0,1,1,,1,,"Corona,California",92882,Flat,US_eBayStandardEnvelope,1,,,,,1,,,ReturnsAccepted,Days_30,MoneyBackOrReplacement,Seller,,,,,,,2025-11-20T09:00:00,1,,,Yes,No
Add,111325-NBA-E,261328,4626250016,Diamond Stone 2016-17 Panini Spectra Rookie Jersey Autographs #124 /300 Clippers,,,4000,No,BASKETBALL,Diamond Stone,Rookie Jersey Autographs,Panini,2016,"SN,MEM,AU",2016-17 Panini Spectra,,NBA,,Los Angeles Clippers,Yes,Near mint or better - (ID: 400010),,124,,Sports Trading Card,Diamond Stone,,2016,,,,,,,,,,,,,,Rookie Jersey Autographs,,https://storage.googleapis.com/cdp-batches-prod/20327-731994/37262974-front.jpg | https://storage.googleapis.com/cdp-batches-prod/20327-731994/37262974-back.jpg,,"<div class=""ql-editor""><p><strong></strong></p><p><br></p><p><strong>Diamond Stone 2016-17 Panini Spectra Rookie Jersey Autographs #124 SN,MEM,AU Los Angeles Clippers Card</strong></p><p><br></p><p>Photos show the exact card you will receive unless this is a quantity listing. If multiple copies are available, the photos show the worst-conditioned card so you know exactly what to expect.<strong><span class=""ql-cursor"">﻿</span></strong></p><p><br></p><p><strong>ABOUT US:</strong></p><p>Monterey Sports Cards is a father-and-son shop. My 10-year-old and I sort, scan, and list cards together in the same condition we’d want to receive ourselves. We also enjoy creating hobby-related content in our free time. Very worn cards go into bulk lots or personal stash, except for pre-1980 cards which are listed regardless of wear.</p><p><br></p><p><strong>PACKAGING:</strong></p><p>All cards ship in penny sleeves and Top Loaders or Card Savers, sealed in a Team Bag for protection. If you prefer a specific holder type, just leave a note at checkout.</p><p><br></p><p><strong>SAVE WHEN YOU BUILD A CART:</strong></p><p>• Add 6+ cards under $2.99 → Get 40% OFF&nbsp;&nbsp;</p><p>• Add 5+ cards priced $3.00–$9.99 → Get 20% OFF&nbsp;&nbsp;</p><p><em>Discounts apply automatically at checkout — no code needed.</em></p><p><br></p></div>",FixedPrice,GTC,7.99,0,1,1,,1,,"Corona,California",92882,Flat,US_eBayStandardEnvelope,1,,,,,1,,,ReturnsAccepted,Days_30,MoneyBackOrReplacement,Seller,,,,,,,2025-11-20T09:00:00,1,,,No,Yes
Add,111325-NBA-E,261328,4626250016,DeMar DeRozan 2021-22 Panini Prizm Sensational Swatches #SW-DMD Bulls,,,4000,No,BASKETBALL,DeMar DeRozan,Sensational Swatches,Panini,2021,MEM,2021-22 Panini Prizm,,NBA,,Chicago Bulls,No,Near mint or better - (ID: 400010),,SW-DMD,,Sports Trading Card,,,2021,,,,,,,,,,,,,,Sensational Swatches,,https://storage.googleapis.com/cdp-batches-prod/20327-731994/37262975-front.jpg | https://storage.googleapis.com/cdp-batches-prod/20327-731994/37262975-back.jpg,,"<div class=""ql-editor""><p><strong></strong></p><p><br></p><p><strong>DeMar DeRozan 2021-22 Panini Prizm Sensational Swatches #SW-DMD MEM Chicago Bulls Card</strong></p><p><br></p><p>Photos show the exact card you will receive unless this is a quantity listing. If multiple copies are available, the photos show the worst-conditioned card so you know exactly what to expect.<strong><span class=""ql-cursor"">﻿</span></strong></p><p><br></p><p><strong>ABOUT US:</strong></p><p>Monterey Sports Cards is a father-and-son shop. My 10-year-old and I sort, scan, and list cards together in the same condition we’d want to receive ourselves. We also enjoy creating hobby-related content in our free time. Very worn cards go into bulk lots or personal stash, except for pre-1980 cards which are listed regardless of wear.</p><p><br></p><p><strong>PACKAGING:</strong></p><p>All cards ship in penny sleeves and Top Loaders or Card Savers, sealed in a Team Bag for protection. If you prefer a specific holder type, just leave a note at checkout.</p><p><br></p><p><strong>SAVE WHEN YOU BUILD A CART:</strong></p><p>• Add 6+ cards under $2.99 → Get 40% OFF&nbsp;&nbsp;</p><p>• Add 5+ cards priced $3.00–$9.99 → Get 20% OFF&nbsp;&nbsp;</p><p><em>Discounts apply automatically at checkout — no code needed.</em></p><p><br></p></div>",FixedPrice,GTC,3.75,0,1,1,,1,,"Corona,California",92882,Flat,US_eBayStandardEnvelope,1,,,,,1,,,ReturnsAccepted,Days_30,MoneyBackOrReplacement,Seller,,,,,,,2025-11-20T09:00:00,1,,,No,Yes
Add,111325-NBA-E,261328,4626250016,Gytis Masiulis 2020 Panini Prizm Collegiate Prospect Autographs Green #PA-GM,,,4000,No,BASKETBALL,Gytis Masiulis,Prospect Autographs Green,Panini,2020,AU,2020 Panini Prizm Draft Picks Collegiate,,NBA,,Neptunas Klaipeda,Yes,Near mint or better - (ID: 400010),,PA-GM,,Sports Trading Card,Gytis Masiulis,,2020,,,,,,,,,,,,,,Prospect Autographs Green,,https://storage.googleapis.com/cdp-batches-prod/20327-731994/37262976-front.jpg | https://storage.googleapis.com/cdp-batches-prod/20327-731994/37262976-back.jpg,,"<div class=""ql-editor""><p><strong></strong></p><p><br></p><p><strong>Gytis Masiulis 2020 Panini Prizm Draft Picks Collegiate Prospect Autographs Green #PA-GM AU Neptunas Klaipeda Card</strong></p><p><br></p><p>Photos show the exact card you will receive unless this is a quantity listing. If multiple copies are available, the photos show the worst-conditioned card so you know exactly what to expect.<strong><span class=""ql-cursor"">﻿</span></strong></p><p><br></p><p><strong>ABOUT US:</strong></p><p>Monterey Sports Cards is a father-and-son shop. My 10-year-old and I sort, scan, and list cards together in the same condition we’d want to receive ourselves. We also enjoy creating hobby-related content in our free time. Very worn cards go into bulk lots or personal stash, except for pre-1980 cards which are listed regardless of wear.</p><p><br></p><p><strong>PACKAGING:</strong></p><p>All cards ship in penny sleeves and Top Loaders or Card Savers, sealed in a Team Bag for protection. If you prefer a specific holder type, just leave a note at checkout.</p><p><br></p><p><strong>SAVE WHEN YOU BUILD A CART:</strong></p><p>• Add 6+ cards under $2.99 → Get 40% OFF&nbsp;&nbsp;</p><p>• Add 5+ cards priced $3.00–$9.99 → Get 20% OFF&nbsp;&nbsp;</p><p><em>Discounts apply automatically at checkout — no code needed.</em></p><p><br></p></div>",FixedPrice,GTC,3.09,0,1,1,,1,,"Corona,California",92882,Flat,US_eBayStandardEnvelope,1,,,,,1,,,ReturnsAccepted,Days_30,MoneyBackOrReplacement,Seller,,,,,,,2025-11-20T09:00:00,1,,,No,No
Add,111325-NBA-E,261328,4626250016,Terence Davis II 2020-21 Panini Illusions Trophy Collection Signatures #TC-TDV,,,4000,No,BASKETBALL,Terence Davis II,Trophy Collection Signatures,Panini,2020,AU,2020-21 Panini Illusions,,NBA,,Sacramento Kings,Yes,Near mint or better - (ID: 400010),,TC-TDV,,Sports Trading Card,Terence Davis II,,2020,,,,,,,,,,,,,,Trophy Collection Signatures,,https://storage.googleapis.com/cdp-batches-prod/20327-731994/37262977-front.jpg | https://storage.googleapis.com/cdp-batches-prod/20327-731994/37262977-back.jpg,,"<div class=""ql-editor""><p><strong></strong></p><p><br></p><p><strong>Terence Davis II 2020-21 Panini Illusions Trophy Collection Signatures #TC-TDV AU Sacramento Kings Card</strong></p><p><br></p><p>Photos show the exact card you will receive unless this is a quantity listing. If multiple copies are available, the photos show the worst-conditioned card so you know exactly what to expect.<strong><span class=""ql-cursor"">﻿</span></strong></p><p><br></p><p><strong>ABOUT US:</strong></p><p>Monterey Sports Cards is a father-and-son shop. My 10-year-old and I sort, scan, and list cards together in the same condition we’d want to receive ourselves. We also enjoy creating hobby-related content in our free time. Very worn cards go into bulk lots or personal stash, except for pre-1980 cards which are listed regardless of wear.</p><p><br></p><p><strong>PACKAGING:</strong></p><p>All cards ship in penny sleeves and Top Loaders or Card Savers, sealed in a Team Bag for protection. If you prefer a specific holder type, just leave a note at checkout.</p><p><br></p><p><strong>SAVE WHEN YOU BUILD A CART:</strong></p><p>• Add 6+ cards under $2.99 → Get 40% OFF&nbsp;&nbsp;</p><p>• Add 5+ cards priced $3.00–$9.99 → Get 20% OFF&nbsp;&nbsp;</p><p><em>Discounts apply automatically at checkout — no code needed.</em></p><p><br></p></div>",FixedPrice,GTC,4.75,0,1,1,,1,,"Corona,California",92882,Flat,US_eBayStandardEnvelope,1,,,,,1,,,ReturnsAccepted,Days_30,MoneyBackOrReplacement,Seller,,,,,,,2025-11-20T09:00:00,1,,,No,No
Add,111325-NBA-E,261328,4626250016,Michael Jordan 1993-94 SkyBox Premium #45 Chicago Bulls,,,4000,No,BASKETBALL,Michael Jordan,,SkyBox,1993,,1993-94 SkyBox Premium,,NBA,,Chicago Bulls,No,Near mint or better - (ID: 400010),,45,,Sports Trading Card,,,1993,,,,,,,,,,,,,,,,https://storage.googleapis.com/cdp-batches-prod/20327-731994/37262978-front.jpg | https://storage.googleapis.com/cdp-batches-prod/20327-731994/37262978-back.jpg,,"<div class=""ql-editor""><p><strong></strong></p><p><br></p><p><strong>Michael Jordan 1993-94 SkyBox Premium #45 Chicago Bulls Card</strong></p><p><br></p><p>Photos show the exact card you will receive unless this is a quantity listing. If multiple copies are available, the photos show the worst-conditioned card so you know exactly what to expect.<strong><span class=""ql-cursor"">﻿</span></strong></p><p><br></p><p><strong>ABOUT US:</strong></p><p>Monterey Sports Cards is a father-and-son shop. My 10-year-old and I sort, scan, and list cards together in the same condition we’d want to receive ourselves. We also enjoy creating hobby-related content in our free time. Very worn cards go into bulk lots or personal stash, except for pre-1980 cards which are listed regardless of wear.</p><p><br></p><p><strong>PACKAGING:</strong></p><p>All cards ship in penny sleeves and Top Loaders or Card Savers, sealed in a Team Bag for protection. If you prefer a specific holder type, just leave a note at checkout.</p><p><br></p><p><strong>SAVE WHEN YOU BUILD A CART:</strong></p><p>• Add 6+ cards under $2.99 → Get 40% OFF&nbsp;&nbsp;</p><p>• Add 5+ cards priced $3.00–$9.99 → Get 20% OFF&nbsp;&nbsp;</p><p><em>Discounts apply automatically at checkout — no code needed.</em></p><p><br></p></div>",FixedPrice,GTC,1.89,0,1,1,,1,,"Corona,California",92882,Flat,US_eBayStandardEnvelope,1,,,,,1,,,ReturnsAccepted,Days_30,MoneyBackOrReplacement,Seller,,,,,,,2025-11-20T09:00:00,1,,,No,No
Add,111325-NBA-E,261328,4626250016,Michael Jordan 1990-91 SkyBox #41 Chicago Bulls,,,4000,No,BASKETBALL,Michael Jordan,,SkyBox,1990,,1990-91 SkyBox,,NBA,,Chicago Bulls,No,Near mint or better - (ID: 400010),,41,,Sports Trading Card,,,1990,,,,,,,,,,,,,,,,https://storage.googleapis.com/cdp-batches-prod/20327-731994/37262979-front.jpg | https://storage.googleapis.com/cdp-batches-prod/20327-731994/37262979-back.jpg,,"<div class=""ql-editor""><p><strong></strong></p><p><br></p><p><strong>Michael Jordan 1990-91 SkyBox #41 Chicago Bulls Card</strong></p><p><br></p><p>Photos show the exact card you will receive unless this is a quantity listing. If multiple copies are available, the photos show the worst-conditioned card so you know exactly what to expect.<strong><span class=""ql-cursor"">﻿</span></strong></p><p><br></p><p><strong>ABOUT US:</strong></p><p>Monterey Sports Cards is a father-and-son shop. My 10-year-old and I sort, scan, and list cards together in the same condition we’d want to receive ourselves. We also enjoy creating hobby-related content in our free time. Very worn cards go into bulk lots or personal stash, except for pre-1980 cards which are listed regardless of wear.</p><p><br></p><p><strong>PACKAGING:</strong></p><p>All cards ship in penny sleeves and Top Loaders or Card Savers, sealed in a Team Bag for protection. If you prefer a specific holder type, just leave a note at checkout.</p><p><br></p><p><strong>SAVE WHEN YOU BUILD A CART:</strong></p><p>• Add 6+ cards under $2.99 → Get 40% OFF&nbsp;&nbsp;</p><p>• Add 5+ cards priced $3.00–$9.99 → Get 20% OFF&nbsp;&nbsp;</p><p><em>Discounts apply automatically at checkout — no code needed.</em></p><p><br></p></div>",FixedPrice,GTC,2.7,0,1,1,,1,,"Corona,California",92882,Flat,US_eBayStandardEnvelope,1,,,,,1,,,ReturnsAccepted,Days_30,MoneyBackOrReplacement,Seller,,,,,,,2025-11-20T09:00:00,1,,,No,No
Add,111325-NBA-E,261328,4626250016,Kristaps Porzingis 2019-20 Panini NBA Sticker Card Limited Edition Red #26 /199,,,4000,No,BASKETBALL,Kristaps Porzingis,Limited Edition Cards Red,Panini,2019,SN,2019-20 Panini NBA Sticker & Card Collection,,NBA,,Dallas Mavericks,No,Near mint or better - (ID: 400010),,26,,Sports Trading Card,,,2019,,,,,,,,,,,,,,Limited Edition Cards Red,,https://storage.googleapis.com/cdp-batches-prod/20327-731994/37262980-front.jpg | https://storage.googleapis.com/cdp-batches-prod/20327-731994/37262980-back.jpg,,"<div class=""ql-editor""><p><strong></strong></p><p><br></p><p><strong>Kristaps Porzingis 2019-20 Panini NBA Sticker & Card Collection Limited Edition Cards Red #26 SN Dallas Mavericks Card</strong></p><p><br></p><p>Photos show the exact card you will receive unless this is a quantity listing. If multiple copies are available, the photos show the worst-conditioned card so you know exactly what to expect.<strong><span class=""ql-cursor"">﻿</span></strong></p><p><br></p><p><strong>ABOUT US:</strong></p><p>Monterey Sports Cards is a father-and-son shop. My 10-year-old and I sort, scan, and list cards together in the same condition we’d want to receive ourselves. We also enjoy creating hobby-related content in our free time. Very worn cards go into bulk lots or personal stash, except for pre-1980 cards which are listed regardless of wear.</p><p><br></p><p><strong>PACKAGING:</strong></p><p>All cards ship in penny sleeves and Top Loaders or Card Savers, sealed in a Team Bag for protection. If you prefer a specific holder type, just leave a note at checkout.</p><p><br></p><p><strong>SAVE WHEN YOU BUILD A CART:</strong></p><p>• Add 6+ cards under $2.99 → Get 40% OFF&nbsp;&nbsp;</p><p>• Add 5+ cards priced $3.00–$9.99 → Get 20% OFF&nbsp;&nbsp;</p><p><em>Discounts apply automatically at checkout — no code needed.</em></p><p><br></p></div>",FixedPrice,GTC,2.99,0,1,1,,1,,"Corona,California",92882,Flat,US_eBayStandardEnvelope,1,,,,,1,,,ReturnsAccepted,Days_30,MoneyBackOrReplacement,Seller,,,,,,,2025-11-20T09:00:00,1,,,No,No
Add,111325-NBA-E,261328,4626250016,Shaquille O'Neal 1995-96 Collector's Choice Special Edition Holograms #H7 Magic,,,4000,No,BASKETBALL,Shaquille O'Neal,International Special Edition Holograms,Upper Deck,1995,,1995-96 Collector's Choice English II,,NBA,,Orlando Magic,No,Near mint or better - (ID: 400010),,H7,,Sports Trading Card,,,1995,,,,,,,,,,,,,,International Special Edition Holograms,,https://storage.googleapis.com/cdp-batches-prod/20327-731994/37262981-front.jpg | https://storage.googleapis.com/cdp-batches-prod/20327-731994/37262981-back.jpg,,"<div class=""ql-editor""><p><strong></strong></p><p><br></p><p><strong>Shaquille O'Neal 1995-96 Collector's Choice English II International Special Edition Holograms #H7 Orlando Magic Card</strong></p><p><br></p><p>Photos show the exact card you will receive unless this is a quantity listing. If multiple copies are available, the photos show the worst-conditioned card so you know exactly what to expect.<strong><span class=""ql-cursor"">﻿</span></strong></p><p><br></p><p><strong>ABOUT US:</strong></p><p>Monterey Sports Cards is a father-and-son shop. My 10-year-old and I sort, scan, and list cards together in the same condition we’d want to receive ourselves. We also enjoy creating hobby-related content in our free time. Very worn cards go into bulk lots or personal stash, except for pre-1980 cards which are listed regardless of wear.</p><p><br></p><p><strong>PACKAGING:</strong></p><p>All cards ship in penny sleeves and Top Loaders or Card Savers, sealed in a Team Bag for protection. If you prefer a specific holder type, just leave a note at checkout.</p><p><br></p><p><strong>SAVE WHEN YOU BUILD A CART:</strong></p><p>• Add 6+ cards under $2.99 → Get 40% OFF&nbsp;&nbsp;</p><p>• Add 5+ cards priced $3.00–$9.99 → Get 20% OFF&nbsp;&nbsp;</p><p><em>Discounts apply automatically at checkout — no code needed.</em></p><p><br></p></div>",FixedPrice,GTC,3.3,0,1,1,,1,,"Corona,California",92882,Flat,US_eBayStandardEnvelope,1,,,,,1,,,ReturnsAccepted,Days_30,MoneyBackOrReplacement,Seller,,,,,,,2025-11-20T09:00:00,1,,,No,No
Add,111325-NBA-E,261328,4626250016,Carmelo Anthony 2012-13 Panini Brilliance Spellbound 'T' #74 New York Knicks,,,4000,No,BASKETBALL,Carmelo Anthony,Spellbound,Panini,2012,,2012-13 Panini Brilliance,,NBA,,New York Knicks,No,Near mint or better - (ID: 400010),,74,,Sports Trading Card,,,2012,,,,,,,,,,,,,,Spellbound,,https://storage.googleapis.com/cdp-batches-prod/20327-731994/37262982-front.jpg | https://storage.googleapis.com/cdp-batches-prod/20327-731994/37262982-back.jpg,,"<div class=""ql-editor""><p><strong></strong></p><p><br></p><p><strong>Carmelo Anthony 2012-13 Panini Brilliance Spellbound #74 New York Knicks Card</strong></p><p><br></p><p>Photos show the exact card you will receive unless this is a quantity listing. If multiple copies are available, the photos show the worst-conditioned card so you know exactly what to expect.<strong><span class=""ql-cursor"">﻿</span></strong></p><p><br></p><p><strong>ABOUT US:</strong></p><p>Monterey Sports Cards is a father-and-son shop. My 10-year-old and I sort, scan, and list cards together in the same condition we’d want to receive ourselves. We also enjoy creating hobby-related content in our free time. Very worn cards go into bulk lots or personal stash, except for pre-1980 cards which are listed regardless of wear.</p><p><br></p><p><strong>PACKAGING:</strong></p><p>All cards ship in penny sleeves and Top Loaders or Card Savers, sealed in a Team Bag for protection. If you prefer a specific holder type, just leave a note at checkout.</p><p><br></p><p><strong>SAVE WHEN YOU BUILD A CART:</strong></p><p>• Add 6+ cards under $2.99 → Get 40% OFF&nbsp;&nbsp;</p><p>• Add 5+ cards priced $3.00–$9.99 → Get 20% OFF&nbsp;&nbsp;</p><p><em>Discounts apply automatically at checkout — no code needed.</em></p><p><br></p></div>",FixedPrice,GTC,14.99,0,1,1,,1,,"Corona,California",92882,Flat,US_eBayStandardEnvelope,1,,,,,1,,,ReturnsAccepted,Days_30,MoneyBackOrReplacement,Seller,,,,,,,2025-11-20T09:00:00,1,,,No,No
Add,111325-NBA-E,261328,4626250016,Jalen Duren 2022-23 Panini Select Blue (Retail Base) RC #176 Detroit Pistons,,,4000,No,BASKETBALL,Jalen Duren,Blue (Retail Base),Select,2022,RC,2022-23 Panini Select,,NBA,,Detroit Pistons,No,Near mint or better - (ID: 400010),,176,,Sports Trading Card,,,2022,,,,,,,,,,,,,,Blue (Retail Base),,https://storage.googleapis.com/cdp-batches-prod/20327-731994/37262983-front.jpg | https://storage.googleapis.com/cdp-batches-prod/20327-731994/37262983-back.jpg,,"<div class=""ql-editor""><p><strong></strong></p><p><br></p><p><strong>Jalen Duren 2022-23 Panini Select Blue (Retail Base) #176 RC Detroit Pistons Card</strong></p><p><br></p><p>Photos show the exact card you will receive unless this is a quantity listing. If multiple copies are available, the photos show the worst-conditioned card so you know exactly what to expect.<strong><span class=""ql-cursor"">﻿</span></strong></p><p><br></p><p><strong>ABOUT US:</strong></p><p>Monterey Sports Cards is a father-and-son shop. My 10-year-old and I sort, scan, and list cards together in the same condition we’d want to receive ourselves. We also enjoy creating hobby-related content in our free time. Very worn cards go into bulk lots or personal stash, except for pre-1980 cards which are listed regardless of wear.</p><p><br></p><p><strong>PACKAGING:</strong></p><p>All cards ship in penny sleeves and Top Loaders or Card Savers, sealed in a Team Bag for protection. If you prefer a specific holder type, just leave a note at checkout.</p><p><br></p><p><strong>SAVE WHEN YOU BUILD A CART:</strong></p><p>• Add 6+ cards under $2.99 → Get 40% OFF&nbsp;&nbsp;</p><p>• Add 5+ cards priced $3.00–$9.99 → Get 20% OFF&nbsp;&nbsp;</p><p><em>Discounts apply automatically at checkout — no code needed.</em></p><p><br></p></div>",FixedPrice,GTC,2.35,0,1,1,,1,,"Corona,California",92882,Flat,US_eBayStandardEnvelope,1,,,,,1,,,ReturnsAccepted,Days_30,MoneyBackOrReplacement,Seller,,,,,,,2025-11-20T09:00:00,1,,,Yes,No
Add,111325-NBA-E,261328,4626250016,Jalen Williams 2022-23 Panini Select Rookie Revolution Green Prizms #29 Thunder,,,4000,No,BASKETBALL,Jalen Williams,Rookie Revolution Green Prizms,Prizm,2022,,2022-23 Panini Select,,NBA,,Oklahoma City Thunder,No,Near mint or better - (ID: 400010),,29,,Sports Trading Card,,,2022,,,,,,,,,,,,,,Rookie Revolution Green Prizms,,https://storage.googleapis.com/cdp-batches-prod/20327-731994/37262984-front.jpg | https://storage.googleapis.com/cdp-batches-prod/20327-731994/37262984-back.jpg,,"<div class=""ql-editor""><p><strong></strong></p><p><br></p><p><strong>Jalen Williams 2022-23 Panini Select Rookie Revolution Green Prizms #29 Oklahoma City Thunder Card</strong></p><p><br></p><p>Photos show the exact card you will receive unless this is a quantity listing. If multiple copies are available, the photos show the worst-conditioned card so you know exactly what to expect.<strong><span class=""ql-cursor"">﻿</span></strong></p><p><br></p><p><strong>ABOUT US:</strong></p><p>Monterey Sports Cards is a father-and-son shop. My 10-year-old and I sort, scan, and list cards together in the same condition we’d want to receive ourselves. We also enjoy creating hobby-related content in our free time. Very worn cards go into bulk lots or personal stash, except for pre-1980 cards which are listed regardless of wear.</p><p><br></p><p><strong>PACKAGING:</strong></p><p>All cards ship in penny sleeves and Top Loaders or Card Savers, sealed in a Team Bag for protection. If you prefer a specific holder type, just leave a note at checkout.</p><p><br></p><p><strong>SAVE WHEN YOU BUILD A CART:</strong></p><p>• Add 6+ cards under $2.99 → Get 40% OFF&nbsp;&nbsp;</p><p>• Add 5+ cards priced $3.00–$9.99 → Get 20% OFF&nbsp;&nbsp;</p><p><em>Discounts apply automatically at checkout — no code needed.</em></p><p><br></p></div>",FixedPrice,GTC,5.4,0,1,1,,1,,"Corona,California",92882,Flat,US_eBayStandardEnvelope,1,,,,,1,,,ReturnsAccepted,Days_30,MoneyBackOrReplacement,Seller,,,,,,,2025-11-20T09:00:00,1,,,No,No
Add,111325-NBA-E,261328,4626250016,1992 NBA West All-Star Checklist 1991-92 Upper Deck Italian #2,,,4000,No,BASKETBALL,1992 NBA West All-Star Checklist,,Upper Deck,1991,,1991-92 Upper Deck Italian,,NBA,,,No,Near mint or better - (ID: 400010),,2,,Sports Trading Card,,,1991,,,,,,,,,,,,,,,,https://storage.googleapis.com/cdp-batches-prod/20327-731994/37262985-front.jpg | https://storage.googleapis.com/cdp-batches-prod/20327-731994/37262985-back.jpg,,"<div class=""ql-editor""><p><strong>West All-Star Checklist 463-475;</strong></p><p><br></p><p><strong>1992 NBA West All-Star Checklist 1991-92 Upper Deck Italian #2 Card</strong></p><p><br></p><p>Photos show the exact card you will receive unless this is a quantity listing. If multiple copies are available, the photos show the worst-conditioned card so you know exactly what to expect.<strong><span class=""ql-cursor"">﻿</span></strong></p><p><br></p><p><strong>ABOUT US:</strong></p><p>Monterey Sports Cards is a father-and-son shop. My 10-year-old and I sort, scan, and list cards together in the same condition we’d want to receive ourselves. We also enjoy creating hobby-related content in our free time. Very worn cards go into bulk lots or personal stash, except for pre-1980 cards which are listed regardless of wear.</p><p><br></p><p><strong>PACKAGING:</strong></p><p>All cards ship in penny sleeves and Top Loaders or Card Savers, sealed in a Team Bag for protection. If you prefer a specific holder type, just leave a note at checkout.</p><p><br></p><p><strong>SAVE WHEN YOU BUILD A CART:</strong></p><p>• Add 6+ cards under $2.99 → Get 40% OFF&nbsp;&nbsp;</p><p>• Add 5+ cards priced $3.00–$9.99 → Get 20% OFF&nbsp;&nbsp;</p><p><em>Discounts apply automatically at checkout — no code needed.</em></p><p><br></p></div>",FixedPrice,GTC,2.35,0,1,1,,1,,"Corona,California",92882,Flat,US_eBayStandardEnvelope,1,,,,,1,,,ReturnsAccepted,Days_30,MoneyBackOrReplacement,Seller,,,,,,,2025-11-20T09:00:00,1,,,No,No
